channelId,channelUrl,channelTitle,country,videos,views,suggest,examples,rules,note
UCv2zpcdNTSoySsjknlKCq2w,https://www.youtube.com/channel/UCv2zpcdNTSoySsjknlKCq2w,"렙업몬",,1,8758412,"entertainment:1","현웃 터지는 연예인 레전드 꿀잼 모음",,
UCnBht7BrOx-A328KFXgysqQ,https://www.youtube.com/channel/UCnBht7BrOx-A328KFXgysqQ,"쿠팡플레이 스포츠",KR,7,4494401,"sports:7","[MLS] 29R LAFC vs 솔트레이크 2분 하이라이트 / [MLS] 29R LAFC vs 솔트레이크 손흥민 주요장면 / [프리미어리그] 5R 아스날 vs 맨시티 2분 하이라이트",,
UClxw6QVsGOuYi7RqQmJd9Uw,https://www.youtube.com/channel/UClxw6QVsGOuYi7RqQmJd9Uw,"유진퀴즈",KR,1,2796786,"entertainment:1","유승준과 달리 병역 기피하고도 연예게 '큰손'이 되어 대박 난 가수",,
UCw1DsweY9b2AKGjV4kGJP1A,https://www.youtube.com/channel/UCw1DsweY9b2AKGjV4kGJP1A,"LCK",KR,7,1118108,"game:7","저승사자 쵸진우 | GEN vs T1 | 게임 5 하이라이트 | 09.21 | 우리은행 2025 LCK 플레이오프 / 난 혼자가 아냐 | GEN vs T1 | 게임 4 하이라이트 | 09.21 | 우리은행 2025 LCK 플레이오프 / 깃창섭의 은혜 | GEN vs T1 | 게임 2 하이라이트 | 09.21 | 우리은행 2025 LCK 플레이오프",,
UCwnRvefobXSprG6bkNH97Rg,https://www.youtube.com/channel/UCwnRvefobXSprG6bkNH97Rg,"닥터만물",KR,9,1099148,"entertainment:9","#이미숙 #재산공개 #연예뉴스 #닥터만물 / #이찬오 #재혼 #연예뉴스 #닥터만물 / #김병만 #이혼소송 #연예뉴스 #닥터만물",,
UCaihC7L_i5NjDay6i9AZDRg,https://www.youtube.com/channel/UCaihC7L_i5NjDay6i9AZDRg,"도파민아재",KR,2,1046858,"entertainment:2","사진기자들이 뽑은 실물깡패 여자 연예인들 #연예인 #연예뉴스 #카리나 / 숨겨왔던 엄청난 집안출신 하룡이형 #연예인 #임하룡 #심형래 #연예뉴스",,
UCHX_Bm--j_8cQaartbi5tEg,https://www.youtube.com/channel/UCHX_Bm--j_8cQaartbi5tEg,"숏스마일",KR,1,992536,"ai:1","AI가 만든 꿀 키보드 직접 만들어봄",,
UCf3dyXI8Q67jkUSsX4MD6CQ,https://www.youtube.com/channel/UCf3dyXI8Q67jkUSsX4MD6CQ,"대흥민 갤러리",,11,758229,"official:9|sports:1|entertainment:1","[오피셜] 축구 역사상 단 2명 ㄷㄷ / [오피셜] 뎀벨레가 달성한 대기록 ㄷㄷ / [오피셜] 2025 발롱도르 순위 10위~3위",,
UC4MtqJifnWAS0G2Iq02reMQ,https://www.youtube.com/channel/UC4MtqJifnWAS0G2Iq02reMQ,"만물선생",,3,667306,"politics:3","입틀막 해도 진실은 밝힐것이다 -나경원- / 개딸들을 위한 정치하는 정청래 / 김민석총리 형이 하는 반미 집회는 왜 가능하냐? -신동욱-",,
UCCZOXQpGRVnDM5MaiMf2h0w,https://www.youtube.com/channel/UCCZOXQpGRVnDM5MaiMf2h0w,"기자수첩",KR,2,500786,"entertainment:2","개그우먼 성현주 임신 먼저 떠나보낸 아들 생각 #연예속보 / 손담비 딸 걱정 오열 숨 멎을까 걱정 가득 #연예속보",,
UC8CIM3d3zDYMk-3T5aAz0yw,https://www.youtube.com/channel/UC8CIM3d3zDYMk-3T5aAz0yw,"혜안",KR,2,483946,"review:1|ai:1","리뷰1000개중 999개가 극찬??? 도파민 개미친≪쥐 생존게임≫ㅋㅋㅋㅋㅋㅋㅋ / ※1년만에 돌아온※ 세상에서 가장 어려운 지렁이게임ㅋㅋㅋㅋㅋㅋㅋㅋㅋㅋㅋ",,
UCADcjt-8Vz_bahKgGO8x_pg,https://www.youtube.com/channel/UCADcjt-8Vz_bahKgGO8x_pg,"영화와 이야기",KR,2,440522,"entertainment:2","『어쩔수가없다』영화리뷰 (이병헌, 손예진, 박희순, 이성민, 염혜란) / 『보스』영화리뷰 (조우진, 정경호, 박지환, 이규형)",,
UC4xuSNZx7DqcjkEMJgJiBIw,https://www.youtube.com/channel/UC4xuSNZx7DqcjkEMJgJiBIw,"매거진 시크",KR,1,411619,"sports:1","무너지지 않는 의지 #ufc #격투기 #스포츠",,
UC8MvtlHMFMG3p9B9IUp_Edg,https://www.youtube.com/channel/UC8MvtlHMFMG3p9B9IUp_Edg,"지혜를담은하루",KR,4,377728,"senior:4","우리는 생각하는 대로 된다.                       #명언 #중년 #시니어  #50세 #좋은글 #인생명언 #명언모음 / 집안꿀팁 생활 속 꿀팁 5가지.mp4           #중년 #시니어 #인생꿀팁 #살림비법 #가정청소 #건강요리 / 모르면 대화에서 소외되는 외래어. ep3              #외래어 #시니어공감 #신조어 #세대공감 #일상용어 #알쓸상식",,
UC5T4b53jVkm07JbYoyYiu7A,https://www.youtube.com/channel/UC5T4b53jVkm07JbYoyYiu7A,"흑백리뷰",KR,2,362896,"review:2","3년만에 재출시한 맥도날드 피자버거 / 참깨라면 후속작이 나왔다고? 파스타에 김밥까지 다 먹었는데...",,
UCNlIEAxc52hx_nUG7pQIEGg,https://www.youtube.com/channel/UCNlIEAxc52hx_nUG7pQIEGg,"주말 이야기",KR,1,340535,"entertainment:1","'이게 무슨 내.란?' 대법원 분위기 뒤집혔다#문형배 #한국연예인#한국정치#정치뉴스",,
UCAhMu7RJwylKklzi6KOckbg,https://www.youtube.com/channel/UCAhMu7RJwylKklzi6KOckbg,"전설 오브 레전드",KR,1,338243,"game:1","롤 정글로 나와선 안되는 챔피언",,
UC-S8JFhLkQ5enhB70c2CYIw,https://www.youtube.com/channel/UC-S8JFhLkQ5enhB70c2CYIw,"왈도쿤",KR,1,289669,"community:1","진짜 변호사가 변호해주는 모의 재판 게임ㅋㅋㅋ",,
UCLv3v82YNNsa8EsxrcPMjGQ,https://www.youtube.com/channel/UCLv3v82YNNsa8EsxrcPMjGQ,"SBS 시사교양 라디오 - 시교라",KR,6,266159,"politics:6","[🔴김태현의 정치쇼]조희대 청문회 개최(이성윤)/ [앵그리성태] 정청래-장동혁 설전/ [동상3몽] 한학자 구속 & 피고인석 김건희 공개(박주민 / [김태현의 정치쇼] 尹, 보석으로 풀려난다? 장윤미X송영훈 ""가능성 제로” | 자강두변 250922(월) / [김태현의 정치쇼] 6년 만에 장외집회 나선 국민의힘, 황교안 때보다 상황 나쁘다? |윤태곤의 이사만루 250922(월)",,
UCos3GN2gX0wLcfuhOAiMotQ,https://www.youtube.com/channel/UCos3GN2gX0wLcfuhOAiMotQ,"라모스TV RAMOSE",KR,1,263802,"sports:1","지금 게임에서 절대 클릭하면 안 되는 선수팩",,
UCWlV3Lz_55UaX4JsMj-z__Q,https://www.youtube.com/channel/UCWlV3Lz_55UaX4JsMj-z__Q,"뉴스TVCHOSUN",KR,6,241704,"politics:4|entertainment:2","[시사쇼 정치다] 외신 인터뷰서 北 핵 동결 제시한 李? ""北 핵 동결, 실행 가능한 대안"" / [시사쇼 정치다] '조희대 회동설' 서영교, 또 '회동설' 제기···시민단체에 직권남용 혐의 등 고발당해 / [시사쇼 정치다] 국민의힘, 6년 만에 대구서 '장외투쟁' #shorts",,
UCOdzScApYRP1z5DcW3w70Tw,https://www.youtube.com/channel/UCOdzScApYRP1z5DcW3w70Tw,"다테",KR,1,192973,"review:1","애니 리뷰 유튜버가 만들어버린 단편 애니",,
UCHF8lPYCii6Wdhe3scftx0Q,https://www.youtube.com/channel/UCHF8lPYCii6Wdhe3scftx0Q,"공감입니다",KR,6,187832,"official:5|sports:1","[오피셜] 2025 발롱도르 위너 - 우스만 뎀벨레 / [오피셜] 발롱도르 11위~30위 / [오피셜] 황의조, 20년간 국대+국내축구 활동 금지",,
UCG-V3MlSEZbq7faOPEX_Brw,https://www.youtube.com/channel/UCG-V3MlSEZbq7faOPEX_Brw,"일타이슈",,2,187043,"politics:1|sports:1","이진숙 ""방송3법은 민노총 노조 방송사 장악법"" #정치 #민노총 #방송 #노조 #이진숙 / 노골적인 북한 찬양 이재명 정부 참교육한 국힘 강선영 의원 #정치 #이재명 #민주당 #국힘 #북한",,
UCeNhtzGpCtCrKIR7OJS-kVA,https://www.youtube.com/channel/UCeNhtzGpCtCrKIR7OJS-kVA,"연예세계톡톡",KR,1,174533,"entertainment:1","감독이 끝까지 밀어붙인 이채민의 반전 스토리",,
UCFvQpH3ZAkW7_Y4WkvrFYbQ,https://www.youtube.com/channel/UCFvQpH3ZAkW7_Y4WkvrFYbQ,"DaeHyun",KR,1,173887,"game:1",""" 혼자서 게임을 끝내버린 선수 ☠☠ """,,
UCu-HTY6qT-zkRHp9jIiHbYg,https://www.youtube.com/channel/UCu-HTY6qT-zkRHp9jIiHbYg,"이영풍TV",KR,1,173252,"politics:1","● 이영풍TV 현장중계 - '동대구역' 야당탄압 독재정치, 국민규탄대회",,
UCRRugiekAL5TmsCa6F5CP8g,https://www.youtube.com/channel/UCRRugiekAL5TmsCa6F5CP8g,"세상의 모든 지혜",KR,1,167347,"senior:1","여자교도소  밤마다 벌어지는 은밀한 이야기 #세상의 모든 지혜 #시니어 #쇼츠 #재미있는사실",,
UCs1KQWq5CndkE-rGt2aTRQA,https://www.youtube.com/channel/UCs1KQWq5CndkE-rGt2aTRQA,"흠바페",KR,1,160949,"sports:1","손흥민 6호골 디테일 리뷰",,
UCOTJtP0Z9DjpPU43B5m1V6A,https://www.youtube.com/channel/UCOTJtP0Z9DjpPU43B5m1V6A,"[ALTUBE] 김성현TV",KR,1,157803,"game:1","상대가 먹을 멀티까지 전부 뺏어먹고 게임 끝날 때까지 우주방어 모드로 수비만 해본다면?ㅋㅋ",,
UCfq4V1DAuaojnr2ryvWNysw,https://www.youtube.com/channel/UCfq4V1DAuaojnr2ryvWNysw,"채널A News",KR,3,148871,"politics:2|review:1","[다시보기] ""이 대통령 재판 반드시 재개"" vs ""대선 불복세력 장외투쟁"" (윤희석·설주완, 박정하)ㅣ9월 22일 (월) 정치시그널 / 장동혁 ""정청래, 李·김어준 똘마니 자청…쓰레기같은 정치 공작"" [현장영상] / 채널A / [스포츠A]가을야구 향한 막판 치열한 순위 경쟁 / 채널A / 뉴스A",,
UCLuDznROytXtnMSDwo5aGJQ,https://www.youtube.com/channel/UCLuDznROytXtnMSDwo5aGJQ,"GCL 지씨엘",KR,1,140992,"entertainment:1","종말 이후 방사능 뒤덮인 황무지에서 인류가 살아남는 법【폴아웃 스토리】",,
UCOc6Q2ET1i1a4D4HSKdNJnQ,https://www.youtube.com/channel/UCOc6Q2ET1i1a4D4HSKdNJnQ,"드클립",KR,2,137763,"entertainment:2","북한군이 의정부 부대찌게집을 보고선...  #강철비 #영화리뷰 / 임자 옆에는 내가 있잖아  #남산의부장들 #영화리뷰",,
UCGd1rNecfS_MND8PQsKOJhQ,https://www.youtube.com/channel/UCGd1rNecfS_MND8PQsKOJhQ,"국민의힘TV",KR,1,134814,"politics:1","[Live] 9월 21일 동대구역 야당탄압·독재정치 국민 규탄대회",,
UCLTXjXXLJqKPwJKVCOb4aww,https://www.youtube.com/channel/UCLTXjXXLJqKPwJKVCOb4aww,"드톡톡",US,2,126721,"entertainment:2","#한국연예인#한국연예계#연예뉴스#이명박 #이재명#한국연예인#한국정치#정치뉴스 / 장동혁 정청래를 공개적으로 모욕해 SNS에서 논란!!",,
UCF4Wxdo3inmxP-Y59wXDsFw,https://www.youtube.com/channel/UCF4Wxdo3inmxP-Y59wXDsFw,"MBCNEWS",KR,14,126569,"politics:1|entertainment:13","국민의힘 야당탄압·독재정치 규탄대회 [끝까지 LIVE] MBC 중계방송 2025년 09월 21일 / [문화연예 플러스] '어쩔수가없다', 사전 예매 30만 돌파 (2025.09.23/뉴스투데이/MBC) / [문화연예 플러스] 드라마 속 전지현 대사에 중국 네티즌 반발 (2025.09.22/뉴스투데이/MBC)",,
UC_BECcrG4B1NJJQmErWrM_g,https://www.youtube.com/channel/UC_BECcrG4B1NJJQmErWrM_g,"스타포츠",KR,1,126436,"sports:1","류현진 1위 확정 경기",,
UCfObDXCZ9mFHSdDdX1cvMqA,https://www.youtube.com/channel/UCfObDXCZ9mFHSdDdX1cvMqA,"하울무비",KR,1,120043,"review:1","와.....하필이면 ""최정예 현역 군인""을 건드려버린 범죄조직의 역대급 최후..ㄷㄷ 미쳐버린 몰입감으로 시간 순삭시키는《25년 9월 최신 액션영",,
UCi8fe6P0_tLeZ1r31wOydvw,https://www.youtube.com/channel/UCi8fe6P0_tLeZ1r31wOydvw,"돌아온붕어형 - 고전게임 공략 채널",,2,118523,"ai:2","2025-09-23 (생)돌아온붕어형 고전게임 l 각종 미션 환영 l 유튜브 숏폼ㅣRTERO GAME ㅣ 1CC ㅣ LIVE / 2025-09-21 (생)돌아온붕어형 고전게임 l 각종 미션 환영 l 유튜브 숏폼ㅣRTERO GAME ㅣ 1CC ㅣ LIVE략 채널님의 라이브 ",,
UCGKzUWIreFBtM76HLqXsxmA,https://www.youtube.com/channel/UCGKzUWIreFBtM76HLqXsxmA,"진보이슈펀치",KR,1,116812,"politics:1","김충식 이재명 찌른 김진성 자필 수첩에도 모른다 #백운기의정치1번지",,
UCePdAFPZ5985Y7nPuUcx7uw,https://www.youtube.com/channel/UCePdAFPZ5985Y7nPuUcx7uw,"십이층",KR,1,110824,"community:1","같이 게임하다가 이별한 썰",,
UC8bBfx8Vxpk4an6zyMxcU3A,https://www.youtube.com/channel/UC8bBfx8Vxpk4an6zyMxcU3A,"지윤JI YOON",KR,1,110496,"game:1","30년째 초보밖에 없는 게임",,
UCgksJaj6UFFB7DWLvLPorcQ,https://www.youtube.com/channel/UCgksJaj6UFFB7DWLvLPorcQ,"숏셰프",KR,1,105981,"ai:1","게임에서 만난 그녀의 정체",,
UChlgI3UHCOnwUGzWzbJ3H5w,https://www.youtube.com/channel/UChlgI3UHCOnwUGzWzbJ3H5w," YTN",KR,1,96993,"ai:1","트럼프 비자 폭탄에 미국 기업들 '비명'...""AI 경쟁력에도 악영향"" [모아보는이슈] / YTN",,
UCORzxHO2quCHbE2fTo_snEg,https://www.youtube.com/channel/UCORzxHO2quCHbE2fTo_snEg,"롤뻔뻔",KR,1,89823,"official:1","오피셜) 젠지 LCK 결승 진출전 진출",,
UCHLOX7SScCTpMgiKL7su-TA,https://www.youtube.com/channel/UCHLOX7SScCTpMgiKL7su-TA,"노루무비",,1,85571,"entertainment:1","하필이면 최정상급 용병단의 유일한 생존자를 건드린 조직의 최후! [영화리뷰/결말포함]",,
UCpl3nyJ2DyOZBNE5f4BetUg,https://www.youtube.com/channel/UCpl3nyJ2DyOZBNE5f4BetUg,"인생노트_당신의 이야기",KR,2,83307,"senior:2","검정 기본템으로 완성하는 시니어 필승 패션 | 실패 없는 코디법 5가지 / 시니어가 피해야 할 색상과 활용하면 좋은 색상 조합 4가지!",,
UCRcnnJ-kT0h45hqabDouMIw,https://www.youtube.com/channel/UCRcnnJ-kT0h45hqabDouMIw,"레전드 히스토리 체인지",KR,1,73443,"entertainment:1","굿바디~✨️ 설현 레전드 변천사 #설현 #여배우 #영화배우 #가수 #연예 #이슈 #쇼츠 #엔터테인먼트 #aoa #심쿵해 #굿럭 #조명가게 #정글",,
UCYF4ZvKcLBGOmNcW2oJdCJQ,https://www.youtube.com/channel/UCYF4ZvKcLBGOmNcW2oJdCJQ,"갔다온탁형",KR,2,73354,"review:2","[지볶행 리뷰] 뒤늦게 타지마할 간다해서 조섹츤의 여흥을 잡치게 하는 무당정숙 / [지볶행 리뷰] 백합에게 쉬게 해준다면서 툭툭이를 10시에 불렀다 통보하는 턱식이",,
UCwfbSsZ7_sccxcibe60mWlQ,https://www.youtube.com/channel/UCwfbSsZ7_sccxcibe60mWlQ,"파동TV",KR,1,73265,"game:1","롤체6년만에 이런 게임 처음 봄ㄷㄷ 2-5 나는팔,다리,머리 요네 다 모으는 레전드 판",,
UC48CkjltIEpJ_Ky1JoHWwTw,https://www.youtube.com/channel/UC48CkjltIEpJ_Ky1JoHWwTw,"하냥",KR,1,72859,"entertainment:1","실력게임이 하고 싶은 송하영이 실제로 믿는 것들",,
UCt4bWJILlEo1hvsR224ASyA,https://www.youtube.com/channel/UCt4bWJILlEo1hvsR224ASyA,"스포츠클래식 SportsClassic",KR,7,72625,"sports:7","[스포츠클래식 LIVE] 2025 KBO리그 데일리 야구 리뷰 [한화, 폰세가 나오는 날 보여선 안되는 집중력 / LG, 삼성에 패배하고도 매직 / [스포츠클래식 LIVE] 2025 KBO리그 데일리 야구 리뷰 [두산, 곽빈 11K 괴력투로 SSG 제압 / 드래프트 1순위 박준현은 몇억? / / [스포츠클래식 LIVE] 2025 KBO리그 두산 베어스 : SSG 랜더스 (인천 SSG 랜더스 필드) / 2025.09.22 경기",,
UC9pYIw4EZwBmM8iTutPkFDQ,https://www.youtube.com/channel/UC9pYIw4EZwBmM8iTutPkFDQ,"일눈 ONEI",KR,1,71729,"game:1","1렙부터 게임 끝내는  방법 8",,
UCQa1HxjmHgksQy_qxO92P2A,https://www.youtube.com/channel/UCQa1HxjmHgksQy_qxO92P2A,"복주머니",,1,71701,"senior:1","모르면 병 부르는 생활용품 교체주기 12가지 #시니어채널 #인생의지혜 #건강 #삶의지혜 #명언 #오디오북 #노년의지혜 #인생지혜  #건강습관 #",,
UCjOtzpfj5lF9erwTEQYkxtQ,https://www.youtube.com/channel/UCjOtzpfj5lF9erwTEQYkxtQ,"t3xture 텍스쳐 ",KR,1,67568,"game:1","WER 스크림 중 맵핵 의심된다는 실제 채팅ㅋㅋㅋ 게임 리딩법 제대로 보여드립니다",,
UC9vzf1KHGgCMiUNWyHmkMrQ,https://www.youtube.com/channel/UC9vzf1KHGgCMiUNWyHmkMrQ,"Nature and Games",KR,5,65782,"sports:5","슬라이딩 태클로 인터셉트한 볼로 골을 넣는 FC25(게임) LAFC 선수(손흥민 Son Heung-min) #FC25 / 월패스를 받아 골을 넣는 FC25(게임) LAFC 선수(손흥민 Son Heung-min) #FC25 / 골대를 맞히고 골을 넣는 FC25(게임) LAFC 선수(손흥민 Son Heung-min) #FC25",,
UCo9jtiPoAUth3AwydLN6Vug,https://www.youtube.com/channel/UCo9jtiPoAUth3AwydLN6Vug,"시넌쓰",KR,1,64778,"review:1","스팀 할인 엄청 좋은데 무료 게임도 4개나 준다! 스팀에 코박죽 하고 전부 사자. 스팀 할인 게임 추천",,
UChZAdvinIy_kcz8DYUt1Tng,https://www.youtube.com/channel/UChZAdvinIy_kcz8DYUt1Tng,"승글징글",KR,1,62132,"ai:1","1명은 올라가고 3명은 떨어지는 운명의 게임",,
UCrg8eTvAlbSEWVN61ndQLqg,https://www.youtube.com/channel/UCrg8eTvAlbSEWVN61ndQLqg,"대정후 갤러리",,1,62094,"official:1","[오피셜] SSG 랜더스 2025시즌 3연전 스윕 실패",,
UC_MOPEbgP2tHeZgyQbs6_mQ,https://www.youtube.com/channel/UC_MOPEbgP2tHeZgyQbs6_mQ,"타임리스",KR,1,58328,"ai:1","AI들의 레전드 끝말잇기 전쟁 (GPT 폭주)",,
UCTnafh2iyIWh7MhcGBmGU0g,https://www.youtube.com/channel/UCTnafh2iyIWh7MhcGBmGU0g,"놀라운 토요일 Amazing Saturday",KR,1,58228,"entertainment:1","[#간식게임] 당장 우유를 낉여오너라🥛 찍먹 만큼은 양보 못하는 보스들 #highlight#놀라운토요일 | amazingsaturday EP.",,
UCfjMjhfjRRy8B0mfqbO_43w,https://www.youtube.com/channel/UCfjMjhfjRRy8B0mfqbO_43w,"카사노박TV [CASANOPARK]",KR,1,56880,"review:1","10월 게임도 장난없네ㄷㄷ...쏟아지는 10월 신작게임 TOP.24",,
UCYUGo6ZfQZCTMrK9rMDijNQ,https://www.youtube.com/channel/UCYUGo6ZfQZCTMrK9rMDijNQ,"뉴스토마토",KR,1,54093,"politics:1","""야당탄압, 독재정치"" 슬로건의 국힘 장외투쟁! 마지막 발악하는 사이 특검, 은밀하게 칠 준비 마쳤다?! #국힘 #장외투쟁 #특검 #끝장뉴스 (",,
UCDNg-F0nDTWwrCFZxRWVShQ,https://www.youtube.com/channel/UCDNg-F0nDTWwrCFZxRWVShQ,"버미TV",,2,53932,"politics:2","충격. 김문수의 비극. 남에게 기대는 정치 / 충격, 장동혁 연설. 정청래는 정치테러 수괴. 이재명과 김어준의 똘마니",,
UCA1oIfQcwNS4jzzfJpN7Y4A,https://www.youtube.com/channel/UCA1oIfQcwNS4jzzfJpN7Y4A,"zoonakoo",KR,1,53737,"entertainment:1","사이즈비교! 대한민국의 이슈 랭킹 상식 속보 뉴스 연예 엔터 지역 정치 건강 스포츠 축구 게임 #이슈 #속보 #뉴스 #연예 #엔터 #지역 #정치",,
UCqWBDPCLCgMMDo47dAHyihw,https://www.youtube.com/channel/UCqWBDPCLCgMMDo47dAHyihw,"영디비 0DiBi",KR,1,51756,"review:1","애플 에어팟 프로 3! 좋아졌다? 좋지않다? 제 리뷰만 보시면 됩니다!",,
UCPANVh5Dp13xM3-9_S5aVkA,https://www.youtube.com/channel/UCPANVh5Dp13xM3-9_S5aVkA,"열풍TV",KR,1,49005,"politics:1","큰절 권성동에게 새뱃돈을 준 한학자를 구속해야하는 이유 #정치뉴스 #정치이슈 #권성동",,
UCfjrVFRB_mTNU8iFtD7yAnA,https://www.youtube.com/channel/UCfjrVFRB_mTNU8iFtD7yAnA,"알리미 황희두",KR,1,48228,"community:1","[Live] 자폭한 이준석 근황ㅋㅋㅋ 커뮤니티 조롱 후폭풍! / 한동훈 나락 보낸 친한계 망신 / 찰리 커크 응원한 연예인 논란.. 미국 표현의",,
UCDIB1DOwPPe58M2fHPyVVDA,https://www.youtube.com/channel/UCDIB1DOwPPe58M2fHPyVVDA,"KBS 스포츠",KR,1,47485,"ai:1","[생중계] 2025 서울어스마라톤  #WWF #세계자연기금 #마라톤 #kbs스포츠 [유료광고포함]",,
UCnj0yVadEmXKcUN5ztUY4uw,https://www.youtube.com/channel/UCnj0yVadEmXKcUN5ztUY4uw,"백운기의 정어리TV",KR,2,46645,"politics:2","[백운기의 정치1번지] 지귀연-심우정 고리의 합리적 의심...""윤 석방 위해 온 우주가 도왔나?"" / [백운기의 정치1번지] 트럼프, 경제 살리고 싶은 거지?",,
UCCW6uYIUP4YKKe50k-ktVAw,https://www.youtube.com/channel/UCCW6uYIUP4YKKe50k-ktVAw,"민또 경또",KR,1,46638,"review:1","[로블록스] 99일 생존 광신도들의 진짜 보스!! 지옥의 군주가 소환됐어요!! (99 Nights In The Forest) ""99일 숲에서 살",,
UCfEtgFjik5x1Qp0rsaNT2tA,https://www.youtube.com/channel/UCfEtgFjik5x1Qp0rsaNT2tA,"복지중개사",,2,45500,"senior:2","추석 전 1인당 50만원 주는 곳 과연 어디일까요? #시니어 #복지 #지원금 #추석지원금 #재난지원금 / 노인 일자리 '이런' 사람들은 못 합니다! 3가지 유형! #시니어 #복지 #노인일자리",,
UC4Aa3OPkMenwTANpf0oWVRQ,https://www.youtube.com/channel/UC4Aa3OPkMenwTANpf0oWVRQ,"CBS 김현정의 뉴스쇼",KR,1,45467,"politics:1","[정치맛집] ""국힘 장외 집회, 동력있나?"" |  ""조희대 4인회동? 민주당 헛발질"" |  ""통일교 12만? 신천지도 대기중"" |  ""송영길에 ",,
UCdG9FuZwjgz1tDv7TzvYbpg,https://www.youtube.com/channel/UCdG9FuZwjgz1tDv7TzvYbpg,"랭킹쇼츠",KR,1,44836,"entertainment:1","최고령 배우 이순재가 대놓고 비난했던 톱스타 연예인",,
UCJJixC7NlGCkHsb8TWjbziw,https://www.youtube.com/channel/UCJJixC7NlGCkHsb8TWjbziw,"의리캐스터",KR,1,44693,"review:1","황영묵의 급발진 (9월 20일 KT전 리뷰)",,
UCK_4dhuuChRz7ozliMjGQbQ,https://www.youtube.com/channel/UCK_4dhuuChRz7ozliMjGQbQ,"키다리짬뽕아저씨",KR,1,43625,"review:1","189 진짬뽕 (서울 은평구) 짬뽕맛집 리뷰 by 키다리짬뽕아저씨",,
UCLGGk4zN-8HaKQiYHI3g1SA,https://www.youtube.com/channel/UCLGGk4zN-8HaKQiYHI3g1SA,"정치한사발",KR,7,43235,"politics:7","[정치한사발]🚀""친윤검사지?""🔥 ""심우정 구속될 거 같냐?"" 현직검사 잡는 전직검사 / [정치한사발]🚀박은정 직격 발언⚡ ""조희대 대선개입·국기문란 규명하라!"" 현안청문회 요청 / [정치한사발]🚀0.73%p 박빙 승부⚡ ""참어머님 진두지휘 덕"" 폭로… 대선 뒤 서신보고까지",,
UCNmlhw6SBvEbSpL7Z-dvKHQ,https://www.youtube.com/channel/UCNmlhw6SBvEbSpL7Z-dvKHQ,"보면돼지",KR,1,42112,"entertainment:1","연예대상 받고싶어 무당집 간 이경규 #이경규 #연예대상",,
UCnKm2g6fyztzk83Dwt6qCmw,https://www.youtube.com/channel/UCnKm2g6fyztzk83Dwt6qCmw,"저세상텐션박젼",KR,1,42102,"entertainment:1","옛날옛적 해볼꺼 다해본 연예경험 박젼🐳 무시하는 한라한테 D질래⁉️ 😂😆 #박지현 #SBS #마이턴 #내팔자 이 내팔자 #이수지 #녹아버려",,
UCKDV5NGbpTiQjMYR61_Y_iA,https://www.youtube.com/channel/UCKDV5NGbpTiQjMYR61_Y_iA,"이야기왕TV",KR,1,41290,"sports:1","[속보] 케데헌, 오피셜차트 K팝 역사상 처음 '톱5' 3곡 진입 신기록 '골든, 7주째 1위'...빌보드 핫100 통산 6주 1위 예상 '엔칸",,
UCIuDkThCxewhsYfuvjuuQOw,https://www.youtube.com/channel/UCIuDkThCxewhsYfuvjuuQOw,"NowSeoulKorea",KR,2,40020,"entertainment:2","이병헌 이민정 부부의 간절한 유튜브 구독 #이슈 #연예 #이민정 #이병헌 #어쩔수가없다 #영화 #베니스 / 핫걸 다영 솔로 대성공 #이슈 #연예 #우주소녀 #다영 #솔로 #바디 #BODY #kpop",,
UCV4oE98nQJPSx4OvIkorkOQ,https://www.youtube.com/channel/UCV4oE98nQJPSx4OvIkorkOQ,"파랑나라",KR,4,39645,"politics:4","카리스마 쩌는 추미애 전직 법무부장관 앞에서 꼼짝못하는 엄희준 #정치뉴스 #추미애 #엄희준 / 나경원 법사위에서 나가!! #정치뉴스 #법사위 #김용민 #이재명 / 미친늠 발언으로 대구집회 뒤집어버린 최준용 #정치뉴스 #이재명",,
UCvqdSTuGXEUQPeEJPQHy9yA,https://www.youtube.com/channel/UCvqdSTuGXEUQPeEJPQHy9yA,"양뷰",KR,1,38651,"review:1","미니미니미니 섀도우 팔레트 #데이지크 #리뷰",,
UCOHM2N1YQdb-cHWxJxwBMLQ,https://www.youtube.com/channel/UCOHM2N1YQdb-cHWxJxwBMLQ,"아는형님 Knowingbros",KR,1,37940,"sports:1","[아형✪하이라이트] (긁;) 알고 보니 우물 안의 김희철?🐸 게임 강자 전학생들의 등장에 캐해 박탈 위기 맞은 퀴즈 최강자ㄷㄷ | 아는 형님 ",,
UCdJKr4wUUuWY7FciihjlV6Q,https://www.youtube.com/channel/UCdJKr4wUUuWY7FciihjlV6Q,"인파쓰",,1,37887,"game:1","현재 선수들은 이렇게 게임합니다 [롤체 공략]",,
UCVi2YVljtohKJQ0tHFo7JLA,https://www.youtube.com/channel/UCVi2YVljtohKJQ0tHFo7JLA,"존경하는분",KR,1,36953,"entertainment:1","김병만 결혼식 영상 연예계 총출동 '이 사람' 까지 왔다고?",,
UC834OloIwmrmGTp8zpFbCPw,https://www.youtube.com/channel/UC834OloIwmrmGTp8zpFbCPw,"한준TV HANJUNE TV",KR,1,36480,"sports:1","""손흥민 가치가 메시보다 높다"" MLS 오피셜 이례적 프로모션 즉각 실행 (미국 현지 최신 반응)",,
UCG93K-wn87l3L2FY4pDcayA,https://www.youtube.com/channel/UCG93K-wn87l3L2FY4pDcayA,"롤짤글",KR,1,36017,"official:1","오피셜)구마유시 LCK 원딜 최초로...",,
UCq0jR4C0NQHaKpj03baL5DQ,https://www.youtube.com/channel/UCq0jR4C0NQHaKpj03baL5DQ,"사람소식",KR,1,35509,"entertainment:1","김건희가 남편이라고 소개한 연예인의 정체는?",,
UCS_ytZTwlscoN9XIiavuEHQ,https://www.youtube.com/channel/UCS_ytZTwlscoN9XIiavuEHQ,"웃는 왕자",,1,34479,"entertainment:1","이필모 전 재산 엄마 주고 20년 후 알게 된 결과 #연예인 #배우 #가수 #미우새 #슈퍼맨이돌아왔다 #조선의사랑꾼 #런닝맨 #이필모 #이슈",,
UC-3xwY9-kafXGbUpNWmm9DA,https://www.youtube.com/channel/UC-3xwY9-kafXGbUpNWmm9DA,"인생의 지혜쉼표",KR,1,34007,"politics:1","차기 대통령감 1차 지지도 순위 #정치#정치이슈",,
UCDOp1hmK713peNqi-PeFsFQ,https://www.youtube.com/channel/UCDOp1hmK713peNqi-PeFsFQ,"시니어 다이어리",KR,2,32003,"senior:2","60대 이후, 촌스러워 보이는 패션 3가지! #시니어패션 #중년패션 #60대패션  #시니어 / 60대 이후, 내 몸에 딱 맞는 가디건 고르는 법! #시니어패션 #중년패션 #60대패션  #시니어",,
UC_iT-dQV96rPviS4G4p5b9A,https://www.youtube.com/channel/UC_iT-dQV96rPviS4G4p5b9A,"전한길뉴스 1waynews",KR,1,31921,"politics:1","[LIVE 하이라이트] 이것이 바로 제가 정치를 하지 않겠다고 선언한 이유입니다.",,
UCd4BxCKyMHG2J0X1SerTPaQ,https://www.youtube.com/channel/UCd4BxCKyMHG2J0X1SerTPaQ,"이동형TV",KR,1,31371,"politics:1","정치한잔 이야기 했어야지!! 이작가에게 혼나는 권민정",,
UCkinYTS9IHqOEwR1Sze2JTw,https://www.youtube.com/channel/UCkinYTS9IHqOEwR1Sze2JTw,"SBS 뉴스",KR,6,31064,"politics:1|entertainment:5","""쓰레기 같은 정치 공작""…6년 만의 장외 투쟁 / SBS 8뉴스 / 전지현 광고도 내렸다…""오명 씌워"" 중국 발끈, 왜 / SBS / 굿모닝연예 / 로제 'APT' 뮤직비디오, 조회 수 20억 돌파 / SBS / 굿모닝연예",,
UC5T_FfQwgy56XP0aEVHYULQ,https://www.youtube.com/channel/UC5T_FfQwgy56XP0aEVHYULQ,"은가비",KR,1,30890,"review:1","스피드런 보상 리뷰와 돌아온 삼형제 [로스트아크]",,
UCl4nBkmJCDs6RR8uWldAqLA,https://www.youtube.com/channel/UCl4nBkmJCDs6RR8uWldAqLA,"텔론",KR,1,30477,"game:1","초본능 절대신 ""송골매"" 리뷰ㅋㅋㅋDPS 3배 상승한거 진짜 실화냐?ㅋㅋㅋㅋ:냥코대전쟁",,
UC8JtQf77wqhVpOQ8Cze8JjA,https://www.youtube.com/channel/UC8JtQf77wqhVpOQ8Cze8JjA,"TVING SPORTS",KR,1,29600,"sports:1","[SK vs 삼성] 9/21 오픈매치데이 I 2025-26 LG전자 프로농구 I 하이라이트 I TVING",,
UCFGLaiWyu_pkOGozLC5kFAw,https://www.youtube.com/channel/UCFGLaiWyu_pkOGozLC5kFAw,"후웨이쩐의 중국어공작실TV",KR,1,29337,"entertainment:1","[후웨이쩐의 중국어공작실]썰로 보는 최신 중국 연예뉴스(45)ㅣ장묘이, 도대체 성형을 한거야 안한거야?!ㅣ조로사, 일방적인 라이브 방송 취소 통",,
UCw-kJ9LREUdv8iWI08Tnyig,https://www.youtube.com/channel/UCw-kJ9LREUdv8iWI08Tnyig,"장난귤",KR,1,28885,"game:1","총으로 변신하는 카세트 테이프 #장난감총 #리뷰 #재미",,
UC7Qyo3ko7FXVPZKcHZjsMaQ,https://www.youtube.com/channel/UC7Qyo3ko7FXVPZKcHZjsMaQ,"스타시대",KR,1,28689,"entertainment:1","보고 싶은 얼굴. 이은하(원곡 현미). 이산가족을 달래준 노래. #7080가요 #시니어 #현미",,
UCvSeMw8MPAu1tfdMmMhGPdg,https://www.youtube.com/channel/UCvSeMw8MPAu1tfdMmMhGPdg,"최애쌓기",,1,28472,"entertainment:1","찰리커크 추모 했다가 연예계 퇴출 위기라는 최시원 #아이돌 #케이팝 #슈퍼주니어 #최시원 #찰리커크",,
UCWELVAfgzwhHVkQGdlcuIwg,https://www.youtube.com/channel/UCWELVAfgzwhHVkQGdlcuIwg,"티노",KR,1,28228,"review:1","아이폰 에어 VS 갤럭시 S25엣지 분석 비교 리뷰",,
UCk3NUOBhNqAcWpKeVC6hqlw,https://www.youtube.com/channel/UCk3NUOBhNqAcWpKeVC6hqlw,"30대의삶",KR,1,28078,"review:1","솔직한 30대 부부의 아이폰17 프로 언박싱과 리뷰",,
UC2IURsqchss1kXACH7XajVg,https://www.youtube.com/channel/UC2IURsqchss1kXACH7XajVg,"김퀴즈",KR,1,27709,"politics:1","권성동 구속 직후 강릉시민들 충격적인 한마디 #정치 #정치퀴즈 #권성동 #권성동구속 #shorts #쇼츠",,
UCyYWbRzKBQxeXYeddPLpOvA,https://www.youtube.com/channel/UCyYWbRzKBQxeXYeddPLpOvA,"국민이 주인이다",KR,1,27422,"politics:1","국힘 또 난동! 정치 깡패짓이 본질이다!  #법사위 #검찰개혁 #국짐당",,
UCPRGP_4UnNV0lfwJnK-l8pQ,https://www.youtube.com/channel/UCPRGP_4UnNV0lfwJnK-l8pQ,"꺄오옷",KR,1,27200,"community:1","한 커뮤니티 유저의 묵직한 일침?박현빈이 어때서..",,
UCm6yiG8cpPUL4S9jK8WuNYA,https://www.youtube.com/channel/UCm6yiG8cpPUL4S9jK8WuNYA,"노가리",KR,3,27009,"entertainment:3","딸 바보의 복수극 #예능 #드라마 #리뷰 #박영규 / 베프 사이에 여자가 끼면 생기는 일 #예능 #드라마 #리뷰 #이동욱 / 영규네 집에서 밥 안먹으면 생기는 일 #드라마 #예능 #리뷰 #똑바로살아라",,
UCfLlJjUQy4gDW3Fk1OiHBeg,https://www.youtube.com/channel/UCfLlJjUQy4gDW3Fk1OiHBeg,"묻고 따지는 청년",KR,1,27007,"politics:1","문선명 통일교 실체 한학자 궁전 국민의힘 당원#더불어민주당 #정치",,
UCPmI03i9FyfgcwTQ7RB-O-g,https://www.youtube.com/channel/UCPmI03i9FyfgcwTQ7RB-O-g,"무빙팝콘",KR,1,26909,"entertainment:1","폭력 속에서도 지켜낸 단 하나의 우정 [대도시의 사랑법 리뷰] #영화 #드라마 #영화리뷰",,
UCgCJGfatRb-sVv9Y_bVgUHQ,https://www.youtube.com/channel/UCgCJGfatRb-sVv9Y_bVgUHQ,"아재에진심",KR,2,26655,"community:2","개가 커피를 내리면? #아재에진심 #시니어퀴즈 #웃긴영상 #유머 #넌센스 #아재개그 #웃긴짤 / 아무리 예뻐도 미녀라고 못하는 사람은? #아재에진심 #시니어퀴즈 #웃긴영상 #유머 #넌센스 #아재개그 #웃긴짤",,
UCYX9nNOatl5anXFwTTvQD4A,https://www.youtube.com/channel/UCYX9nNOatl5anXFwTTvQD4A,"파란아침방송",,1,26200,"politics:1","#검찰개혁 넘어 #사법개혁 반드시 필요한 이유 #실시간 #정치이슈 #정의실현 #윤석열 #정치쇼츠 #내란특검 #채상병특검 #김건희특검",,
UCO6E0ddL7e1iC_2DC7Po42w,https://www.youtube.com/channel/UCO6E0ddL7e1iC_2DC7Po42w,"더보이즈 (THE BOYZ)",KR,1,26049,"review:1","[Qn_리뷰] Ep.4 일본 편의점 리뷰 편 | 2n년 만에 발견한 최애 디저트‧₊˚ 🍮 ⋅ ☆",,
UCrNgaZxMO6vKIPTsoeiXaBQ,https://www.youtube.com/channel/UCrNgaZxMO6vKIPTsoeiXaBQ,"주나구이슈",KR,1,25520,"politics:1","현대건설 정주영회장이 이명박대통령에게 한말.. 정치 민주당 국힘 보수 진보 이재명 윤석열 김건희 홍준표 김문수 한동훈 이낙연 장동혁#대통령 #정",,
UCKvEhla0cLEy_gMqazQkiCg,https://www.youtube.com/channel/UCKvEhla0cLEy_gMqazQkiCg,"배시시하우스TV💒",KR,1,25404,"entertainment:1","💜Kpop Demon Hunters 2  ( hunterix) 💜 케이팝 데몬 헌터스 게임",,
UC-e5-NIxUXD6eKUEu-zSTNQ,https://www.youtube.com/channel/UC-e5-NIxUXD6eKUEu-zSTNQ,"시니어정보나라",KR,2,25265,"senior:2","이재명정부 노인주거지원혜택 신청하면 현금받아요 #시니어라이프 #시니어복지 #노인주거지원#노인복지정책 / 수건에 이것 한컵 넣으면 쉰내 싹 사라져요 천연섬유유연제 #시니어건강 #시니어라이프 #수건세탁팁 #수건쉰내제거법",,
UCmKTwXS5wC4Ww4X6PyXjMYg,https://www.youtube.com/channel/UCmKTwXS5wC4Ww4X6PyXjMYg,"서형욱의 뽈리TV",KR,1,24738,"sports:1","[오피셜] 손흥민 1골 2도움 왜? ‘도도움’도 인정, MLS 어시스트 산정법! ",,
UCurXYk4zJFJQEgylRFJaoJg,https://www.youtube.com/channel/UCurXYk4zJFJQEgylRFJaoJg,"백세시대 행복채널",KR,1,24623,"senior:1","자식보다 효자이고 연금보다 강한 이것은 무엇일까요? #시니어건강 #노후준비",,
UCCu24CHHiwTSxkRvFYwF9ew,https://www.youtube.com/channel/UCCu24CHHiwTSxkRvFYwF9ew,"꿀잼쇼츠",KR,1,24439,"ai:1","진짜 특이점이 와버린 AI사진 근황ㄷㄷ",,
UCZKDxnZW6jQGYVcaoaJdaxw,https://www.youtube.com/channel/UCZKDxnZW6jQGYVcaoaJdaxw,"연예인늬우스",,1,24277,"entertainment:1","연예인이 덜된 연예인 ㅋㅋ고윤정",,
UCcQTRi69dsVYHN3exePtZ1A,https://www.youtube.com/channel/UCcQTRi69dsVYHN3exePtZ1A,"KBS News",KR,1,24268,"entertainment:1","[지금뉴스] 선예, 애도글 ‘빛삭’…찰리 커크 추모 놓고 연예계 ‘시끌시끌’ / KBS 2025.09.17.",,
UCnQRkIhRmXrxGrK4-8n-lVw,https://www.youtube.com/channel/UCnQRkIhRmXrxGrK4-8n-lVw,"똘킹",KR,1,23194,"game:1","얼마나 쫄보인지 점수를 매겨주는 게임 😱 공포 내성 채점",,
UCflTTKyB7z-xs_Z5ymlUH4A,https://www.youtube.com/channel/UCflTTKyB7z-xs_Z5ymlUH4A,"지혜의 샘",KR,1,22948,"senior:1","살아보니 세상에는 공짜가 없더라 #지혜의샘 #시니어공감 #인생조언",,
UC-GZa7l0aQGZGbf2aZOwVHg,https://www.youtube.com/channel/UC-GZa7l0aQGZGbf2aZOwVHg,"직카 코믹스",KR,1,22734,"senior:1","냉장고가 웃으면? #넌센스 #아재개그 #웃긴영상 #시니어퀴즈 #냉장고추천",,
UC8REL-nsD1ulZsOIkp5nqOQ,https://www.youtube.com/channel/UC8REL-nsD1ulZsOIkp5nqOQ,"꽃보다 지혜",KR,1,22650,"senior:1","두부보다 싸고, 계란보다 열 두배 높은 단백질 4가지! | 시니어 근육을 지켜주는 단백질 | 근육건강 | 빈혈예방",,
UC19lqG86KdRkmUtHV4HjVEA,https://www.youtube.com/channel/UC19lqG86KdRkmUtHV4HjVEA,"리뷰다락방",KR,2,22140,"review:2","셀프 벽지 붙이기 꿀팁#리뷰#추천 / 연예인 간식 3가지#리뷰#추천",,
UCoQq1yQRocOX8AFcphPvG2w,https://www.youtube.com/channel/UCoQq1yQRocOX8AFcphPvG2w,"대중의 소리",KR,3,21749,"politics:2|entertainment:1","당선무효 선언#국민의힘#보수#정치 / 애국배우의 #국민의힘#보수#정치 / 충격! 대사직 4개월 공석#국민의힘#보수#정치",,
UCiFYUP4_TI70yCkkVJAlxoA,https://www.youtube.com/channel/UCiFYUP4_TI70yCkkVJAlxoA,"EBS 컬렉션 - 사이언스",KR,1,21219,"entertainment:1","원소 주기율표가 카드 게임에서 시작됐다고? #원소주기율표 #화학 #원소 #멘델레예프 #윤소희",,
UCbRlOw6eEI3IAV01snLDD1A,https://www.youtube.com/channel/UCbRlOw6eEI3IAV01snLDD1A,"이것!저곳!",KR,2,20911,"entertainment:2","#연예#웃긴#쿄카 / #웃긴짤#연예#스우파콘서트#오죠갱#쿄카#kyoka",,
UCHH9-LD2CseEkitqik82AQA,https://www.youtube.com/channel/UCHH9-LD2CseEkitqik82AQA,"적쌤",,1,20699,"review:1","유노 솔직한 리뷰 / 할 말은 합니다",,
UCE1pzWjHpttQY6xL0DjtcRA,https://www.youtube.com/channel/UCE1pzWjHpttQY6xL0DjtcRA,"메오티 MessiOfTFT",KR,1,20200,"game:1","e스포츠 부상",,
UCnnqB7SaH8o-NHLonSFfE3A,https://www.youtube.com/channel/UCnnqB7SaH8o-NHLonSFfE3A,"여의도 정보맨",KR,1,19205,"senior:1","(속보🔴) 정부, 시니어 소비쿠폰 경보발령!⭐️모바일 이 기능 꼭 키세요! 안하면 통장, 비밀번호 싹 털립니다🔔공유해주세요. #유익정보",,
UCUAeX1J0ESKO71BX8lhKfZA,https://www.youtube.com/channel/UCUAeX1J0ESKO71BX8lhKfZA,"깔롱튜브[calong tube]",KR,1,19018,"politics:1","동대구역 실시간 국힘 독재정치 규탄대회!!",,
UCwTT9fcWgAstzQwIFwTeTGA,https://www.youtube.com/channel/UCwTT9fcWgAstzQwIFwTeTGA,"Street grilled food",US,1,18403,"entertainment:1","오정태 자식농사 성공 행사 90개#오정태#한국연예인#한국연예계#연예뉴스",,
UC29xC-EzaG5Ttasv5NS6r5g,https://www.youtube.com/channel/UC29xC-EzaG5Ttasv5NS6r5g,"황혼지혜TV",KR,1,18329,"senior:1","우아한 60대 이상을 위한 가을 소품 활용법 | 가을패션 | 시니어패션",,
UCwM68i-H5dqbFyx9NDtT4CQ,https://www.youtube.com/channel/UCwM68i-H5dqbFyx9NDtT4CQ,"황금빛터",KR,1,18032,"senior:1","10월 신청 안하면 놓치는 '시니어 복지 혜택' 3가지!",,
UCV5J4h6H_Kc9g4imRyqQa-A,https://www.youtube.com/channel/UCV5J4h6H_Kc9g4imRyqQa-A,"서진대학",KR,1,17838,"entertainment:1","난린난 박서진 솔직발언 연예계 발칵 뒤집힌 상황!!!",,
UCh5hvNQsedxj8rIT9Q59iRQ,https://www.youtube.com/channel/UCh5hvNQsedxj8rIT9Q59iRQ,"별별연예엔터 | 아련한 추억의 명곡들",KR,1,17834,"entertainment:1","20대 최연소 연예대상, 타고난 입담 그녀의 데뷔",,
UCqU2TtQ1BaprIZQR9W9YLeA,https://www.youtube.com/channel/UCqU2TtQ1BaprIZQR9W9YLeA,"리삼보",,1,17669,"community:1","대한민국 커뮤니티 원탑 아파트 소름돋는 내부 시설수준!!~헐 클레스가!!",,
UCoKyaj_ea3BkpSA8TJZaVIQ,https://www.youtube.com/channel/UCoKyaj_ea3BkpSA8TJZaVIQ,"미미미미미누",KR,1,17606,"review:1","2026수능 응시 원서 접수 리뷰 (2025.09.20)",,
UCyr-yx8pxfhn_YnzX_mA-aQ,https://www.youtube.com/channel/UCyr-yx8pxfhn_YnzX_mA-aQ,"100세 장수의 지혜",KR,1,17496,"senior:1","65세 이후 이 5가지 색은 절대 입지 마세요, #시니어건강  #삶의지혜 #노인의변화",,
UCo8FQRmfrB08SSoNOw9qkfQ,https://www.youtube.com/channel/UCo8FQRmfrB08SSoNOw9qkfQ,"지캐TV",,1,17124,"sports:1","내일도 경기 있습니다 (9월 21일 두산vsSSG 리뷰)",,
UCAYXUYiMv33_PCefEEQeoLw,https://www.youtube.com/channel/UCAYXUYiMv33_PCefEEQeoLw,"생생정보마당",KR,1,17079,"politics:1","이재명 아들이 타는 외제차의 충격적인 정체 #이슈 #정치",,
UCPCI12rZB0ujQJ6qNsrA5UA,https://www.youtube.com/channel/UCPCI12rZB0ujQJ6qNsrA5UA,"매너와삽 명작 리뷰",KR,1,16622,"review:1","교메이 의외로 안풀린 수수께끼",,
UCVmFthSi0wHDMQ9DUld6k_Q,https://www.youtube.com/channel/UCVmFthSi0wHDMQ9DUld6k_Q,"센터로드TV",KR,1,16446,"review:1","최신판 음성인식게임ㅋㅋ [마비노기 모바일] #Shorts #마비노기모바일",,
UCL7OZ0HDR7gD1EuzKs5al9g,https://www.youtube.com/channel/UCL7OZ0HDR7gD1EuzKs5al9g,"실버포에버",,1,16348,"senior:1","[시니어]60대 이상 옷장에 꼭 있어야 할 필수 아이템 3가지✨ 옷 고민 끝!",,
UCFpvz1OynFsz479QXia-7aA,https://www.youtube.com/channel/UCFpvz1OynFsz479QXia-7aA,"보수의힘",KR,2,15539,"politics:2","거짓선동으로 연명하는 독재정치 #이재명 #서영교 #부승찬 #정청래 #조국 #김어준 #추미애 / 거짓선동으로 연명하는 독재정치 #이재명 #서영교 #부승찬 #정청래 #조국 #김어준 #추미애",,
UCUovfpWf7Sgu8vlmlsGi1Jw,https://www.youtube.com/channel/UCUovfpWf7Sgu8vlmlsGi1Jw,"Ai Global Market",KR,1,15424,"ai:1","지루박 70세 카바레 댄스 #지루박 #지르박 #사교댄스 #댄스 #댄스스포츠 #ai #aiart #shorts #dance #dancesport",,
UCl7Dx6UdOKbUMIEQxKclzaQ,https://www.youtube.com/channel/UCl7Dx6UdOKbUMIEQxKclzaQ,"초심불멸",,1,15324,"review:1","기아 PV5 Passenger 실내 리뷰 시동Off 방향지시등 경고음 굿바이사운드",,
UCbniBno6mQ3vnpBrvZBOoOQ,https://www.youtube.com/channel/UCbniBno6mQ3vnpBrvZBOoOQ,"버드의 이슈",KR,1,15197,"entertainment:1","'신혼'인데 김종국이 신부랑 다툰 이유ㄷㄷ",,
UC6GRhjtmOL5klg-uRXKGmYA,https://www.youtube.com/channel/UC6GRhjtmOL5klg-uRXKGmYA,"쏘왓스픽",,1,15169,"ai:1","AI는 더 이상 소설 속 이야기가 아니다",,
UCCQPdv4o4ywVZQkAMOlvFbw,https://www.youtube.com/channel/UCCQPdv4o4ywVZQkAMOlvFbw,"오목교 전자상가",KR,1,15143,"review:1","3..2..1.. 뇌이징 완료... 아이폰 17 프로 상세 리뷰  / 오목교 전자상가",,
UCDQ2sRc97VRo0DZcsMgf4fg,https://www.youtube.com/channel/UCDQ2sRc97VRo0DZcsMgf4fg,"그레이스요가 GraceYoga 모든 존재가 편안하기를",KR,4,15115,"senior:4","자연스럽게 #시니어요가 #그레이스요가 #직장인요가 #분당요가 #정자동요가 #요가 #실버요가 #시니어운동 / 척추 바르게 세우기#시니어요가 #직장인요가 #분당요가 #그레이스요가 #건강한중년 #정자동요가 #실버요가 #중년홈트 / 시니어유산소 30회 후 20회걷기 #시니어요가 #시니어운동 #실버요가 #중년홈트 #분당요가 #정자동요가 #그레이스요가",,
UCHjplGz8lTNGu66xZUJZ1ow,https://www.youtube.com/channel/UCHjplGz8lTNGu66xZUJZ1ow,"마골",KR,1,15101,"sports:1","온갖 민간신앙을 품고 있는 RPG게임 #diablo",,
UCtNa-LZ2i8Vv3kxBLDBwKaQ,https://www.youtube.com/channel/UCtNa-LZ2i8Vv3kxBLDBwKaQ,"궁금로그",KR,1,14931,"politics:1","외국인 투표권 어떻게 생각해? #정치 #투표 #중국인 #외국인 #김민석",,
UCX3j-PyWGk1NwqEvHZjLwkQ,https://www.youtube.com/channel/UCX3j-PyWGk1NwqEvHZjLwkQ,"랭크튜브",KR,1,14852,"review:1","역대급 스포츠중 실수 랭킹 순위",,
UC_crHTCOC14FAiQAsTKvqgw,https://www.youtube.com/channel/UC_crHTCOC14FAiQAsTKvqgw,"정치읽기",KR,1,14806,"entertainment:1","차은우가 윤어게인이라면... 연예가능?  #뉴스하이킥앞차기 #권순표 #기추자 #권민정 #차은우",,
UCWP3RVkKsNWvVsb0m_SPKLA,https://www.youtube.com/channel/UCWP3RVkKsNWvVsb0m_SPKLA,"담소톡",KR,1,14795,"review:1","다시 돌아온 그녀, 운명은 어디로? | 3화 리뷰",,
UCDCiqx9uvqJdHNfDdsR6AxA,https://www.youtube.com/channel/UCDCiqx9uvqJdHNfDdsR6AxA,"톡톡타임",KR,1,14553,"politics:1","유능한 총리는? #정치 #국회의원 #정치쇼츠",,
UChgGjD475536tu07BBbmk4Q,https://www.youtube.com/channel/UChgGjD475536tu07BBbmk4Q,"Playshorts",US,1,14530,"sports:1","😂 “웃음 폭발… 경기 전 근육 풀기 실황” #여자육상 #스포츠 #국가대표",,
UCW67yGQxNNMnLqRHyaTjygA,https://www.youtube.com/channel/UCW67yGQxNNMnLqRHyaTjygA,"Hong's MakeuPlay 홍이모",KR,1,14398,"ai:1","‼️AI가 메이크업을 알려준다고? 소름 돋는 AI 메이크업🤖ㅣ챗GPTㅣAI",,
UCM8BcGB6BWKq3utIMhGKnUA,https://www.youtube.com/channel/UCM8BcGB6BWKq3utIMhGKnUA,"고성국TV",KR,1,13868,"politics:1","[정치특강] 뉴미디어 시대의 메신저",,
UCCHDXeSnxeqnttqeoCQ2G3A,https://www.youtube.com/channel/UCCHDXeSnxeqnttqeoCQ2G3A,"뉴스장터",KR,1,13387,"sports:1","[연예팟빵] 임영웅 K리그 역사를 바꿨다! 진정성 넘치는 축구사랑! 끝까지 함께 하는 영웅시대! 환상/역대급 열광!",,
UC1iGiYn_DVgn1WA5m4K4zWQ,https://www.youtube.com/channel/UC1iGiYn_DVgn1WA5m4K4zWQ,"좌지우지",KR,1,13337,"entertainment:1","보수 연예인중 정치하면 잘 할 거 같은 사람은? 정답을 두 번 톡톡 터치해주세요. #jk김동욱 #최준용 #김흥국 #독고영재",,
UCu1FzjrHosuKGvgIx8oBi8w,https://www.youtube.com/channel/UCu1FzjrHosuKGvgIx8oBi8w,"[공식] 새날",KR,1,13316,"politics:1","(재)[김용] 검찰의 정치공작 사건, 무죄의 증거만 줄줄이... 무죄 확신",,
UCgeOlLcX6PReHdWImEnUVTg,https://www.youtube.com/channel/UCgeOlLcX6PReHdWImEnUVTg,"스픽스",KR,1,13223,"politics:1","[정치본색] “당원 데이터 일부러 방치”… 충격 사실 드러났다! 장동혁 대구 집회 뒤 폭풍전야, 국민의힘 3개월 후는?",,
UC35am27Jg6-1S7YwKjuSCKg,https://www.youtube.com/channel/UC35am27Jg6-1S7YwKjuSCKg,"야구소식",KR,1,13178,"official:1","[오피셜] 오승환 은퇴 유니폼 ㄷㄷ",,
UCrzdNYQqbtjFQzCxfMLzZ_g,https://www.youtube.com/channel/UCrzdNYQqbtjFQzCxfMLzZ_g,"마음에향기",,1,13081,"entertainment:1","연예의정답",,
UC1zZQqETUPrQHcp8uIBgHpg,https://www.youtube.com/channel/UC1zZQqETUPrQHcp8uIBgHpg,"재범달려",KR,1,12958,"review:1","약빨고 만든것같은 테슬라 모델3 리뷰 ㅋㅋㅋㅋㅋㅋ",,
UC0XLJBWNievrtQ2GvPzevhA,https://www.youtube.com/channel/UC0XLJBWNievrtQ2GvPzevhA,"구독하면 억만장자 된다.",KR,1,12917,"politics:1","정치인 중 가장 어이없는 개그 캐릭터는 누구??#대한민국 #정치 #정치인 #정치이슈 #나경원 #한동훈 #이준석 #정청래",,
UCVvlz98gpVlqFSxcNefVGlQ,https://www.youtube.com/channel/UCVvlz98gpVlqFSxcNefVGlQ,"SheStyle",,1,12502,"senior:1","💼 모임·행사 중년·시니어 가을 패션|Classic Suit Style for Meetings & Events #중년패션코디 #시니어패션 #4",,
UChj6goRpbt_ojIIUhg3hL-A,https://www.youtube.com/channel/UChj6goRpbt_ojIIUhg3hL-A,"겜순남",KR,1,12357,"review:1","미쳤다! 이걸 무료로 푼다고? 무료게임 + 스팀게임 추천 top20",,
UCzAwNywSkY0ycIqZL29zClg,https://www.youtube.com/channel/UCzAwNywSkY0ycIqZL29zClg,"무드킹",KR,1,11772,"entertainment:1","소중한 사람들을 다시 돌아보게 만드는 따뜻한 감동 영화 [영화리뷰 결말포함]",,
UCZRzSsDtoxUvgQ91hwenh0w,https://www.youtube.com/channel/UCZRzSsDtoxUvgQ91hwenh0w,"뉴스철철",KR,1,11633,"politics:1","""혐중? 우리 내부 흔들려는 정치 행위!"" 김희교 교수.",,
UCaiyyjmlyH70au7pzKE4jnQ,https://www.youtube.com/channel/UCaiyyjmlyH70au7pzKE4jnQ,"TV헤이스트",KR,1,11463,"game:1","상위 0.001%가 상위 0.1% 게임이 잡혔다.",,
UCdVxidB__gjz6tphGL5OusA,https://www.youtube.com/channel/UCdVxidB__gjz6tphGL5OusA,"성창힐_Growth.Creative.Healing",KR,1,11422,"entertainment:1","【성창힐】음주운전 논란 윤지온, 소속사 계약 종료! 연예계 퇴출 수순? 충격",,
UC92NJNNKNAB2FcJEncFu43w,https://www.youtube.com/channel/UC92NJNNKNAB2FcJEncFu43w,"Son Spotlight: LAFC",KR,1,11042,"sports:1","RMC 스포츠 보도: 손흥민, MLS 충격! LAFC 합류 한 달 만에 메시 기록 깨고 유니폼 150만 장 판매!",,
UCyAA-Vj4ORjXl5Ui2m6_Llw,https://www.youtube.com/channel/UCyAA-Vj4ORjXl5Ui2m6_Llw,"삐로",KR,2,10871,"review:2","유저는 적은데 재미는 확실한 모바일게임 추천 - 무과금으로 얼마든지 가능한 작품들! / 서브로 즐겨보기 좋은 모바일게임 추천 - 메인겜 하나만 하기에는 너무 아쉽잖아요~",,
UCQmeAwRoQ1oK85CMZKm6xPQ,https://www.youtube.com/channel/UCQmeAwRoQ1oK85CMZKm6xPQ,"꽈진 KKWAJIN",KR,1,10856,"review:1","싼게 비지떡? #폴드7 #리뷰 #먹방",,
UCT3usBwYM36YFlJmsLY7bIA,https://www.youtube.com/channel/UCT3usBwYM36YFlJmsLY7bIA,"옛능: OBS 예능",KR,9,10761,"entertainment:9","[독특한 연예뉴스] '은수 좋은 날' 이영애, 일생일대 위기에 발견한 마약 가방 / [독특한 연예뉴스] ""기억 못할 정도로 취해""…오토바이 훔친 배우 윤지온 누구? / [독특한 연예뉴스] '로코 왕자'의 탄생…이채민 '폭군의 셰프' 신의 한 수였네",,
UCuqWX5br33IbjtKHgJFZAIw,https://www.youtube.com/channel/UCuqWX5br33IbjtKHgJFZAIw,"이슈왔슈다",KR,2,10737,"entertainment:2","오하영의 눈물… 정글보다 무서운 건 ○○? #이슈 #연예 #연예인 #연예뉴스 #연예인쇼츠 / 윈터보다 화제된 남자, 그남자의 정체는? #연예  #연예인 #연예뉴스 #연예이슈",,
UCKgwJuJPBSz5Monv6SfcRdQ,https://www.youtube.com/channel/UCKgwJuJPBSz5Monv6SfcRdQ,"Always 족구(jokgu)_SePakTakraw",KR,2,10718,"sports:2","패기vs노련미 & 일반부vs50대부 #jokgu #족구 #korea #스포츠 #sports #shorts / 계양 J6 라이벌 🔥🔥  #jokgu #족구 #korea #스포츠 #sports #shorts",,
UCKIQ3xPOi9tyJzcCMS5Uq3Q,https://www.youtube.com/channel/UCKIQ3xPOi9tyJzcCMS5Uq3Q,"시니어의 보는 라디오",KR,1,10648,"senior:1","2026년 기초연금 40만원은 가짜 뉴스! ｜#시니어 #시니어복지 #기초연금 #기초생활수급자 #정부정책 #시니어정책",,
UC9HeMz0QEt_MQiAnq6seXCw,https://www.youtube.com/channel/UC9HeMz0QEt_MQiAnq6seXCw,"ROBOTSON",KR,1,10263,"entertainment:1","케이팝 데몬헌터스 촬영현장 메이킹필름 실사화 AI | K-Pop Demon Hunters Filming Behind-the-Scenes  #케데",,
UCU1_7qJc-ZA_kOkvaWok13w,https://www.youtube.com/channel/UCU1_7qJc-ZA_kOkvaWok13w,"인물30초",,1,10152,"politics:1","송석준 ‘추할 추 자’ 발언에 추미애 일침…ㅋㅋ #정치쇼츠  #정치이슈",,
UCq7af5lj-gUy1qeN9DlNI9g,https://www.youtube.com/channel/UCq7af5lj-gUy1qeN9DlNI9g,"뉴스핌TV",KR,1,10058,"politics:1","[스팟Live] '국민의힘 대구서 총공세'...야당탄압·독재정치 국민 규탄대회 생중계 | 25.09.21",,
UCtxvXNz6_tgbA1pMGyt2F5w,https://www.youtube.com/channel/UCtxvXNz6_tgbA1pMGyt2F5w,"초급영어 My idiom journal",,1,10029,"senior:1","시니어도 쉬운영어 | 중장년을 위한 헷갈리는 단어모음 #생활영어 #시니어영어 #쉬운영어 #초보영어",,
UCyNvqw6Xo4cAJmuWP84CIow,https://www.youtube.com/channel/UCyNvqw6Xo4cAJmuWP84CIow,"iTOP21sports",KR,2,9690,"sports:2","2025 WK리그ㅣ문경상무 vs 세종스포츠토토ㅣ26Roundㅣ2025 WK·League(101)ㅣ2025.09.22ㅣ문경시민운동장 / 2025 육상ㅣ2025 경기 학교스포츠클럽 축제초·중·고(남,여)ㅣ오전 경기ㅣ25.09.21ㅣ부천종합운동장",,
UCtwZC_Dt7_GTWA7ksdsAmpQ,https://www.youtube.com/channel/UCtwZC_Dt7_GTWA7ksdsAmpQ,"힐링이 필요할때 When you need healing",KR,1,9652,"entertainment:1","황혼 결혼으로 화제된 연예인 TOP7",,
UCdLyq9bdchhI5Dqvlx-Esgw,https://www.youtube.com/channel/UCdLyq9bdchhI5Dqvlx-Esgw,"게임발굴단",KR,1,9539,"review:1","신작 게임 나오면? 바로 플레이 vs 기다렸다 한다",,
UCOOvdoOcqqqkJs1XBMmny9g,https://www.youtube.com/channel/UCOOvdoOcqqqkJs1XBMmny9g,"Minsu 민수",,1,9510,"review:1","아이폰17 전 모델 전 색상 실물 후기&색상 추천(구매 전 필수 시청)",,
UCKVt3arMXfa6XZezR1UnjqQ,https://www.youtube.com/channel/UCKVt3arMXfa6XZezR1UnjqQ,"이구역의 듀공",KR,1,9310,"review:1","주말특가 !! !! 스팀 게임 할인 추천 25가지 !! [ Steam GAME 스팀 게임 추천 ]",,
UCfHnlNqAgapCloIh5FuUsMA,https://www.youtube.com/channel/UCfHnlNqAgapCloIh5FuUsMA,"치매예방연구소",KR,1,9216,"senior:1","치매에 잘걸리는 혈액형 순위! #치매예방#치매 #건강한중년 #시니어건강 #알츠하이머예방 #알츠하이머",,
UCQXdoHwJh5yQ5CwWIm7GXAQ,https://www.youtube.com/channel/UCQXdoHwJh5yQ5CwWIm7GXAQ,"연예햄찌",,3,8793,"entertainment:3","지드래곤 서울 앙코르콘 확정 #연예 #이슈 #연예인 #아이돌 #kpop #지드래곤 #지디 #GD / 드디어 완전체로 무대하는 빅뱅 #연예 #이슈 #kpop #연예인 #가수 #아이돌 / 로블록스에서 팬미팅 진행하는 에스파 #연예 #이슈 #kpop #연예인 #가수 #뉴스 #아이돌 #에스파 #카리나 #윈터",,
UC-xD2dOQvxS8pntMVC1Wo0w,https://www.youtube.com/channel/UC-xD2dOQvxS8pntMVC1Wo0w,"운명극장",VN,1,8649,"entertainment:1","'이게 무슨 내.란?' 대법원 분위기 뒤집혔다#문형배#한국연예인#한국정치#정치뉴스",,
UC1ifSsWUG241rRfK0ezYCgA,https://www.youtube.com/channel/UC1ifSsWUG241rRfK0ezYCgA,"KNN NEWS",KR,3,8519,"politics:2|entertainment:1","🔴현장PLAY 국민의힘 야당 탄압 독재 정치 규탄대회 l 장동혁 당대표 外 l 25.09.21 / KNN / 🔴LIVE 국민의힘 야당 탄압 독재 정치 규탄대회 l 장동혁 당대표 外 l 25.09.21 / KNN / 인천 중학생 유인 신고 해프닝…""연예기획사 캐스팅"" / KNN",,
UCVYtFJ0FRnshJTrgLWfqsrw,https://www.youtube.com/channel/UCVYtFJ0FRnshJTrgLWfqsrw,"잠원",,1,8447,"community:1","지는 판을 끌어치기로 이기기??  (근데 팀원 판단 맞아?)  #게임 #서든세이브 #온라인게임 #서든어택",,
UCYLzSAyxfZT_YLGLYRuxGJQ,https://www.youtube.com/channel/UCYLzSAyxfZT_YLGLYRuxGJQ,"코드 시네마틱 [Code Cinematic]",KR,1,8415,"ai:1","요즘 AI가 만든다는 K-느와르 수준 ㄷㄷ👊",,
UCX0pFQQ0_T6hiRgvzOQSI_Q,https://www.youtube.com/channel/UCX0pFQQ0_T6hiRgvzOQSI_Q,"뉴신문",,1,8203,"sports:1","[스포츠] 손흥민, 영국 언론에 일침! 그 이유는? #손흥민 #스포츠뉴스 #핫이슈",,
UCaVuYo_tiiNzTSmlnM-A2kQ,https://www.youtube.com/channel/UCaVuYo_tiiNzTSmlnM-A2kQ,"시사IN(시사인)",KR,1,7940,"community:1","신인규 ""이재명 커뮤니티 끊어라? 이준석 커뮤 글 퍼나른 증거 나한테 다 있어! 국힘 입당하고 싶어서 쓴 글!"" ""한학자 구속된다""｜[김은지의 ",,
UCi0nrsPnbnCpgZbBYZxV3qg,https://www.youtube.com/channel/UCi0nrsPnbnCpgZbBYZxV3qg,"꿈꾸는노년",KR,1,7895,"senior:1","함익병 원장이 말하는 피부 좋아지는 습관은 이것 #시니어피부관리",,
UC7UMJv2EwpwJ4hpr0APdc6A,https://www.youtube.com/channel/UC7UMJv2EwpwJ4hpr0APdc6A,"헬로팡팡",KR,2,7882,"review:2","쿠팡에서 찾은 인생 꿀템 세가지 21편 #쇼핑 #제품리뷰 #사용후기 #생활용품 #주방용품 #홈인테리어 #살림추천 #꿀팁 / 쿠팡에서 찾은 인생 꿀템 세가지 19편 #쇼핑 #제품리뷰 #사용후기 #생활용품 #주방용품 #홈인테리어 #살림추천 #꿀팁",,
UCmLeOdnnbc8pvgOhn744ZDA,https://www.youtube.com/channel/UCmLeOdnnbc8pvgOhn744ZDA,"롤 EXPRESS",,1,7740,"official:1","오피셜) 100억 쓰고 4위딱",,
UCkzeQZIwauubLPdegFM5bcQ,https://www.youtube.com/channel/UCkzeQZIwauubLPdegFM5bcQ,"김아혜의 강아지 ai 놀이터",KR,1,7708,"ai:1","ai로 귀여운 강아지 ai 영상 만들기 아이디어 1- 물감에서 나오는 귀여운 우리 강아지 ai 영상 만들기 (feat. chat gpt, 하이루",,
UCMe445IIQn_f0s7G2wdAOZg,https://www.youtube.com/channel/UCMe445IIQn_f0s7G2wdAOZg,"차도녀TV",KR,1,7369,"review:1","드디어 볼보 신차! 내년 출시하는 ES90, EX90 실물리뷰! 주행거리 700km!?",,
UCr-BsqUguoNpv3kxjsjorgA,https://www.youtube.com/channel/UCr-BsqUguoNpv3kxjsjorgA,"AI 머니",KR,1,7338,"ai:1","모든 AI 도구를 무료로 무제한 사용하는 역대급 방법 (100% 합법)",,
UC-3JbJ_z7SlLIyMlgi7W83g,https://www.youtube.com/channel/UC-3JbJ_z7SlLIyMlgi7W83g,"살림연구소",KR,1,7315,"review:1","다이소 아이패드거치대 솔직리뷰 #내돈내산  #다이소",,
UCSTWvkyl1Dr46jYR2IkxBRw,https://www.youtube.com/channel/UCSTWvkyl1Dr46jYR2IkxBRw,"튼튼시니어",KR,1,7147,"senior:1","삼성 이재용 회장이 건강을 위해  매일 챙겨 먹는  '이것' #시니어건강 #장수비결 ",,
UCzrC0oZstG7pk4W_CxbMUBQ,https://www.youtube.com/channel/UCzrC0oZstG7pk4W_CxbMUBQ,"겜플리",KR,1,7034,"game:1","시간순삭 삽가능 총정리 킬링타임 모바일게임 추천 30가지",,
UCvXqWVpq2kP4JDxWdmVKYfg,https://www.youtube.com/channel/UCvXqWVpq2kP4JDxWdmVKYfg,"50쑤기",KR,1,7028,"review:1","안세영 화이팅!!! #안세영 #배드민턴 #대한민국자랑 #스포츠스타 #감동의순간 #AnSeYoung #Badminton #Champion #Spo",,
UCwZJkqjDzZzJkFBnglMEfJQ,https://www.youtube.com/channel/UCwZJkqjDzZzJkFBnglMEfJQ,"창원맛집 김해맛집 부산맛집 욤뚜",,1,6870,"review:1","협찬 기본으로 껍데기 서비스에 리뷰이벤트로 된장술밥, 네이버 예약 폭탄계란찜 서비스주고 콘치즈 무제한 초벌되어 나와서 잡내도 없고 빨리익어서 좋",,
UCFXpzNlJEWG4_j2DnZodGpQ,https://www.youtube.com/channel/UCFXpzNlJEWG4_j2DnZodGpQ,"동네방네",KR,1,6864,"community:1","일요일은 할머니 #웃긴영상 #웃긴이야기 #웃긴짤 #시니어 #시니어유머 #각종유머 #이슈 #시니어건강 #시니어라이프 #반전사연 #shorts #s",,
UCCg8qTgxGZA2B3LpIOQByrQ,https://www.youtube.com/channel/UCCg8qTgxGZA2B3LpIOQByrQ,"한입만",KR,1,6846,"entertainment:1","여전한 미모의 40대 미혼 여자 연예인 TOP10! #연예인 #이슈 #연예 #스타",,
UCYM3qUEffEx-u48OG-6BRbg,https://www.youtube.com/channel/UCYM3qUEffEx-u48OG-6BRbg,"AI 돈나",KR,1,6844,"ai:1","Ai 시니어 롱폼 영화같은 ’도입부’로 조회수 올리는 방법 | VEO3로 움직이는 사진 만들기 (최초공개)",,
UCM9XzN_3lmh2RWzZasqdrxA,https://www.youtube.com/channel/UCM9XzN_3lmh2RWzZasqdrxA,"겜talks",KR,1,6842,"ai:1","쿠터뷰 #37",,
UC8UnJZq1REV_klso4UCPUUg,https://www.youtube.com/channel/UC8UnJZq1REV_klso4UCPUUg,"포니의 리뷰채널",KR,1,6824,"review:1","2025  LCK 플레이오프 경기리뷰 0920 / 한화생명 VS KT",,
UCvDVQ48hAY0tenSQ2dfp8RQ,https://www.youtube.com/channel/UCvDVQ48hAY0tenSQ2dfp8RQ,"껨40th",,1,6792,"review:1","플스5 게임 추천! 새로운 가을 할인! 9월 4주차! 최대 90%! (2025.09.20)",,
UCIIpmDPVk7nzNHEUSHmvkUg,https://www.youtube.com/channel/UCIIpmDPVk7nzNHEUSHmvkUg,"채널A 뉴스TOP10",,1,6718,"politics:1","국민의힘 “야당 탄압·독재정치 규탄” 장외집회 / 채널A / 뉴스 TOP10",,
UCv8a0o9gl-HtNCeBX4PrRnA,https://www.youtube.com/channel/UCv8a0o9gl-HtNCeBX4PrRnA,"프리뷰N",,2,6180,"sports:2","스포츠 분석 : 9월 22일 MLB 분석 by 프리뷰N / 스포츠 분석 : 9월 21일 MLB 분석 by 프리뷰N",,
UC6KzTxFVW33qfY1WGWZoD5A,https://www.youtube.com/channel/UC6KzTxFVW33qfY1WGWZoD5A,"찹찹대학(맛집리뷰학과)",KR,1,6171,"review:1","사라진 부산 해녀촌에 지금 가야하는 이유",,
UCGdnGrIh9Nc2aR59ZFtcrVQ,https://www.youtube.com/channel/UCGdnGrIh9Nc2aR59ZFtcrVQ,"으악이네",KR,1,6113,"review:1","리뷰만 만개가 넘는 갈치집에 다녀왔습니다!",,
UCk-T0sVHO9CZavbei_eWWjw,https://www.youtube.com/channel/UCk-T0sVHO9CZavbei_eWWjw,"훈튜브",KR,1,6046,"community:1","정대진 선수와 비교 심사한 썰 푼다. (feat. 스포츠 모델 박민규)",,
UC95EEUaRmKAXUdlzm8VULWQ,https://www.youtube.com/channel/UC95EEUaRmKAXUdlzm8VULWQ,"부식이TV(부동산,식사,etc)",KR,2,5766,"community:2","우와... 커뮤니티수영장 뷰지린다 / 롯데캐슬드메르 _ 랜드마크가 생겼다 | 커뮤니티 그리고 71타입",,
UCSd6jlFPB6iVG3eCTH7XJZA,https://www.youtube.com/channel/UCSd6jlFPB6iVG3eCTH7XJZA,"시사포커스TV",KR,1,5743,"politics:1","이재명 '여적여' 발언 저격한 이준석 ""커뮤니티에서나 통용될 만한 표현""",,
UC41Vyqs1wSY0FTMqDsLsELA,https://www.youtube.com/channel/UC41Vyqs1wSY0FTMqDsLsELA,"SBS 옛날 드라마 - 빽드",KR,1,5629,"entertainment:1","드라마적 허용 미쳤다 #리멤버 #아들의전쟁 #출근후리뷰",,
UCAqLGhJD4ebiIcktYLAQuXA,https://www.youtube.com/channel/UCAqLGhJD4ebiIcktYLAQuXA,"행복한거니?TV, 스포츠 토토# 프로토 축구",KR,1,5612,"sports:1","#스포츠토토 #프로토112 #축구배당분석 #MLB배당분석 ",,
UCY1YYzHii9Gh450I1A4YDhw,https://www.youtube.com/channel/UCY1YYzHii9Gh450I1A4YDhw,"플랜b TV",KR,1,5477,"review:1","새로운 딸깍 체결식 다마스쿠스 322 원터치 스마트 전자찌 실사용리뷰 및 시청자 이벤트(30명) 붕어낚시 전용 전자찌",,
UCqbkrJVyKMnGpEPcwNcmBnQ,https://www.youtube.com/channel/UCqbkrJVyKMnGpEPcwNcmBnQ,"nule.officiel",KR,1,5308,"entertainment:1","부산국제영화제 뒤집은 심은경, #패션 #셀럽패션 출처:일간스포츠",,
UC4ulpGYm1cZvLOu68YN30XA,https://www.youtube.com/channel/UC4ulpGYm1cZvLOu68YN30XA,"고갯마루 Summit Corsa Gruppo",KR,1,5204,"review:1","캐딜락 Cadillac ATS-V [차량리뷰]",,
UCzvgH9ZDANlu_SMLF4G1Z4Q,https://www.youtube.com/channel/UCzvgH9ZDANlu_SMLF4G1Z4Q,"조용한 중고차",,2,5141,"sports:1|community:1","감가만1550만원! 최상위 트림 더 뉴 렉스턴 스포츠 익스페디션 옵션가득 요소수커버+언더커버+하체보강 완료 #렉스턴 / 언더커버+요소수커버+하부튜닝 더 뉴 렉스턴 스포츠 익스페디션 최상위 트림 썬루프 제외한 풀옵션 최저가 판매!",,
UCIGRLDELdJ0AEIIsDZmxALQ,https://www.youtube.com/channel/UCIGRLDELdJ0AEIIsDZmxALQ,"부안타샤아저씨린넨옷",,2,5080,"senior:2","우아한 시니어패션 중년패션 #부안타샤아저씨  #린넨원피스 #린넨옷 #린넨 #시니어패션 #중년패션 부안타샤아저씨 린넨원피스 린넨블라우스 린넨스커트 / 5566778899 통큰오리엔 린넨롱가디간 #린넨원피스 #시니어패션 #중년패션 #부안타샤아저씨 우아한 중장년여성을위한 패션코디 이태리감성 부안타",,
UCFFLYdNspPGbVvPQOlhql3Q,https://www.youtube.com/channel/UCFFLYdNspPGbVvPQOlhql3Q,"오늘리뷰",KR,1,5055,"review:1","손잡이 관통 마술 리뷰??! #마술 #실험 #테스트 #리뷰",,
UChqmY6pCwH73dfeTFwYorfw,https://www.youtube.com/channel/UChqmY6pCwH73dfeTFwYorfw,"애니랜드",,1,4928,"review:1","십종영법 최종, 이계신장 마허라 #주술회전 #애니리뷰",,
UC7gI335fHJSXHXexnUcKnLw,https://www.youtube.com/channel/UC7gI335fHJSXHXexnUcKnLw,"새벽",,1,4926,"community:1","250919 커뮤니티비프 '무뢰한' GV | 혜경에게 준 귀걸이의 의미 | 재곤은 이미 혜경이란 늪에 빠져있었다",,
UChDhJMrIcL8l-ZVjBeXOpGQ,https://www.youtube.com/channel/UChDhJMrIcL8l-ZVjBeXOpGQ,"황혼로망스",KR,1,4849,"senior:1","죽은 아들 친구가 대물을 흔들며 훅 다가오는데...｜황혼로망스｜시니어로맨스｜노후사연｜어른들의 이야기｜듣는 라디오｜오디오북",,
UCXFiXE_m7ebjCFtSJr4YEEg,https://www.youtube.com/channel/UCXFiXE_m7ebjCFtSJr4YEEg,"동월량",KR,2,4782,"ai:2","괴수 8호 더 게임 10호 호시나 리세마라 더 달려 볼게요!! (진행 계정 뽑기 망함..) / 괴수 8호 더게임 진짜.. 이것들 미친것 같은데요? 아니 신캐릭이 또나와?!!!",,
UCBWzBNbtA_TS3oYtSVWJxNQ,https://www.youtube.com/channel/UCBWzBNbtA_TS3oYtSVWJxNQ,"가성피아",KR,1,4755,"sports:1","[가성피아 스포츠] 배트가 부러져도 멈추지 않는 오타니의 타격",,
UCYwPiiSiEfyyfX97xqJ6HTA,https://www.youtube.com/channel/UCYwPiiSiEfyyfX97xqJ6HTA,"연예냥이",,4,4696,"entertainment:4","꼬꼬무에서 눈물 흘린 웬디 #연예 #이슈 #kpop #연예인 #가수 #아이돌 #뉴스 / BTS뷔와 열애설 터진 리정 #연예 #이슈 #kpop #연예인 #가수 #아이돌 #리정 / 로제 아파트 20억뷰 돌파 ㄷㄷㄷㄷ #연예 #이슈 #kpop #연예인 #가수 #아이돌 #로제 #브루노마스",,
UCF8AeLlUbEpKju6v1H6p8Eg,https://www.youtube.com/channel/UCF8AeLlUbEpKju6v1H6p8Eg,"한국경제TV",KR,1,4583,"ai:1","韓·블랙록, AI·재생에너지 협력 MOU... ""한국을 아시아태평양 AI 수도로"" | 굿모닝작전_250923",,
UCeRfi4oXx36BmEIy1athz7Q,https://www.youtube.com/channel/UCeRfi4oXx36BmEIy1athz7Q,"맛집 임정호",KR,1,4565,"community:1","검단맘 커뮤니티 난리 고기집 #애월도",,
UCaZS_XwAu1yBMNoQDD1mR7g,https://www.youtube.com/channel/UCaZS_XwAu1yBMNoQDD1mR7g,"play 채널A",KR,2,4521,"ai:2","[LIVE] 채널A 스포츠 ""제9회 문경아시아소프트테니스선수권대회 (9/21)"" / [LIVE] 채널A 스포츠 ""제9회 문경아시아소프트테니스선수권대회 (9/21)""",,
UCeViDXIeZpd3CaAmG-gaQWQ,https://www.youtube.com/channel/UCeViDXIeZpd3CaAmG-gaQWQ,"앵무 아리,아랑",,1,4498,"sports:1","손흥민은 참 이상하다는 미국언론 반응        #리얼스포츠",,
UCW827BatTo7rdO4C_Pw78SA,https://www.youtube.com/channel/UCW827BatTo7rdO4C_Pw78SA,"은밀한 뒷담화",KR,1,4441,"entertainment:1","집주인과 세입자의 은밀한 계약 #오디오북 #시니어사랑 #중년로맨스 #월세방사연 #중년사랑이야기 #감성스토리 #인생드라마 #두번째사랑 #로맨스오디",,
UC6O1y9zgPQzHa9tLiePpnUw,https://www.youtube.com/channel/UC6O1y9zgPQzHa9tLiePpnUw,"소렐 sorrel",KR,1,4432,"review:1","애플워치 se3 사전예약 구매 후 언박싱 리뷰 페어링 방법 가격 사은품 | 동생돈동생산 언니리뷰",,
UCgmYKlPRgCsjOKOe6CM49Iw,https://www.youtube.com/channel/UCgmYKlPRgCsjOKOe6CM49Iw,"뭐있슈",KR,1,4267,"entertainment:1","성시경 1인기획사 논란 #연예이슈 #1인기획사 #여러분생각은",,
UCdwyTJbOy8xK2hPoe28o7Fw,https://www.youtube.com/channel/UCdwyTJbOy8xK2hPoe28o7Fw,"올냥이 AllTopCAT",KR,1,4181,"review:1","게임하다가 정신 나갈뻔 했습니다.. 라타탄 라타탄 @_@『25.09.19 풀영상』",,
UCiNw0qlX-LDfHSzVcx5rR0g,https://www.youtube.com/channel/UCiNw0qlX-LDfHSzVcx5rR0g,"예스 골프 - Yes Golf",US,1,4115,"review:1","랩퍼터 OZ.1i HS (힐샤프트) 퍼터 리뷰. 센터 샤프트 ❌",,
UC5Xy07jY1sa8kFQWtFYukoA,https://www.youtube.com/channel/UC5Xy07jY1sa8kFQWtFYukoA,"브버지VAR",,1,4075,"review:1","[VAR라이브] 코리안리거VAR(계속되는 코리안리거들의 활약 리뷰)",,
UC_qCBCJfHVoJ-lgFJJ9k99w,https://www.youtube.com/channel/UC_qCBCJfHVoJ-lgFJJ9k99w,"박대김",KR,1,4049,"review:1","수원 통닭거리 맛집 용성통닭 리뷰",,
UCMubIIhcJQuMHYVZQ7pT2rg,https://www.youtube.com/channel/UCMubIIhcJQuMHYVZQ7pT2rg,"청바지 👖 ",KR,1,3959,"senior:1","“20년 함께한 집… 법적 남편 아니라고 쫓겨난다면? #시니어 #가족 #재산분쟁 #감동실화” #부부이야기 #결혼생활",,
UCz9owiXUt0UoSRfhdz8-FYw,https://www.youtube.com/channel/UCz9owiXUt0UoSRfhdz8-FYw,"스포츠마니아TV",KR,1,3941,"sports:1","[경기리뷰] 리뷰 할 말이 없는 경기....롯데(감보아) vs 키움(박정훈)/ 9월 20일 / 롯데편파중계 [ 염종석 해설위원 & 김동현 캐스터",,
UCr1TNUtJFImgRFIeFoj9STw,https://www.youtube.com/channel/UCr1TNUtJFImgRFIeFoj9STw,"숨겨진 사실",KR,1,3925,"senior:1","추석지원금 50만원 신청 놓치면 평생 후회! | 노인 건강 | 시니어 지혜 | 오디오북 | 노년 이야기 | 숨겨진 사실",,
UCGjWieFABr9T__tB9pkNkbA,https://www.youtube.com/channel/UCGjWieFABr9T__tB9pkNkbA,"명화극장",KR,1,3859,"review:1","🔥와.. 제가 올해 본 영화중 ""레전드""입니다.. ""킹스맨 감독""이 만든 역대급 액션과 연출의 첩보영화 [영화리뷰, 결말포함]",,
UCY8KCw_KgDYc5uUiv1vLeuA,https://www.youtube.com/channel/UCY8KCw_KgDYc5uUiv1vLeuA,"미미댄스 TV ",,1,3758,"senior:1","시니어사교댄스 전문 학원 상시모집 010~4139~7014",,
UCZ1V6H7nEj8drVwPPfwlb3g,https://www.youtube.com/channel/UCZ1V6H7nEj8drVwPPfwlb3g,"좋은패션",KR,1,3753,"senior:1","60대 이후 절대 입지 마세요 X 대신 이렇게 입으세요 #시니어패션 #60대패션 #70대패션 #shorts",,
UCNwVuui2poN4U67PGWDALRQ,https://www.youtube.com/channel/UCNwVuui2poN4U67PGWDALRQ,"쇼츠세상",,1,3717,"entertainment:1","박서진, 31년째 혼전순결 고백! “난 그린벨트다” 😂연예, 스포츠, 드라마를 재미있게",,
UCTrOm5fe6j38IsZYyF-czTg,https://www.youtube.com/channel/UCTrOm5fe6j38IsZYyF-czTg,"official ghost vlog",KR,1,3651,"official:1","[오피셜트럼프 전망] 조정 겁먹지 마세요! ""이 영상""으로 종결하겠습니다!",,
UC_ht4ObPPVHlVeiXVcLnV8Q,https://www.youtube.com/channel/UC_ht4ObPPVHlVeiXVcLnV8Q,"조용히우클릭",,1,3630,"politics:1","쓰레기 정치공작 감행… 장동혁의 분노!",,
UC491okEQXbzp5H1PCMLiY9A,https://www.youtube.com/channel/UC491okEQXbzp5H1PCMLiY9A,"단아",KR,1,3597,"review:1","다이소 노글루 속눈썹 4종 솔직리뷰... 1편 #다이소 #노글루속눈썹 #다이소뷰티 #신상 #리뷰",,
UCENtYIb7Sqw1DYnZruqTxfw,https://www.youtube.com/channel/UCENtYIb7Sqw1DYnZruqTxfw,"인생2막 소식통",KR,2,3563,"senior:2","시니어 관절, 이 운동과 습관은 절대 피하세요! / 시니어 피부 주름, 이것만 먹어도 달라집니다!",,
UCRBJLSFfQ3HfkarTxp5Vklw,https://www.youtube.com/channel/UCRBJLSFfQ3HfkarTxp5Vklw,"ㅇㅅㅇ",,2,3538,"official:2","Cry Baby - Official髭男dism REJOICE ASIA TOUR in seoul 241201 / Anarchy (REJOICE ver) - Official髭男dism REJOICE ASIA TOUR in seoul 241201",,
UCxMqkAggtr-nFPmENe1ppXA,https://www.youtube.com/channel/UCxMqkAggtr-nFPmENe1ppXA,"Malak zaino",KR,7,3531,"community:7","[해외선물 실시간] 해외선물 1등 커뮤니티 사기사례 먹튀제보 해선정보공유 | 해선코리아 해외선물 전략 공유 #해외선물 #해외선물실시간 #해외선물 / [해외선물 실시간] 해외선물 1등 커뮤니티 사기사례 먹튀제보 해선정보공유 | 해선코리아 해외선물 전략 공유 #해외선물 #해외선물실시간 #해외선물 / [해외선물 실시간] 해선 안전 커뮤니티 사기사례 먹튀제보 해선정보공유 | 해선코리아 해외선물 전략 공유 #해외선물 #해외선물실시간 #해외선물방송",,
UCK6J2pkjJfAbmNp8dkloWaw,https://www.youtube.com/channel/UCK6J2pkjJfAbmNp8dkloWaw,"시니어파워업",KR,1,3511,"senior:1","주민센터에 '이것' 신청하면 매달 5만원 받습니다 #시니어정보 #시니어복지 #시니어혜택 #주민센터 #5만원 #현금지급 #복지혜택",,
UCfH-hmzHdzOwz6eTU_5Y3_A,https://www.youtube.com/channel/UCfH-hmzHdzOwz6eTU_5Y3_A,"강작가",KR,1,3505,"politics:1","정의로운 검사 vs 정치 검사/ 박상용과 박균택",,
UCmM7_1uOjGVVPL1nrfongjw,https://www.youtube.com/channel/UCmM7_1uOjGVVPL1nrfongjw,"학생의소리TV",KR,1,3500,"politics:1","재섭아 왜 정치해??",,
UCM0hmNsAtSKmZtC0Bk2TPhQ,https://www.youtube.com/channel/UCM0hmNsAtSKmZtC0Bk2TPhQ,"인생사연의 흔적",,1,3480,"senior:1","효부며느리가 차려준 미역국 #사연 #사연라디오 #시니어 #시니어사연",,
UC4i5bxUyVRIgnwYFYZqhCGw,https://www.youtube.com/channel/UC4i5bxUyVRIgnwYFYZqhCGw,"크립토월드 [CRYPTO_WORLD]",KR,2,3425,"official:2","[오피셜트럼프코인 전망] 차트폭락,  결국 재단 나섰다!⚠️지금 대응 해야 합니다!⚠️지금 매도 하시면 안 됩니다! / [ 오피셜트럼프코인 전망 분석 ] 재단 목표가 정해 졌습니다!♻️대규모 호재 발표!!♻️결국 ""여기""까지 올라갑니다!!",,
UCCu7BCdADOLbGAsTNoVgOBA,https://www.youtube.com/channel/UCCu7BCdADOLbGAsTNoVgOBA,"니칸 스포츠분석",KR,2,3401,"sports:2","9월 23일 MLB 메이저리그 3경기 스포츠분석 미국야구 믈브 / 9월 21일 국내야구 + 일본야구 9경기 스포츠분석 KBO NPB",,
UCtDwRZ3lCvsu4KvG_7RXk7A,https://www.youtube.com/channel/UCtDwRZ3lCvsu4KvG_7RXk7A,"태웅잉",,1,3339,"ai:1","갑자기 공포 게임ㅣ레식",,
UCWIYxJ_eeCShvBQGTjwGgnQ,https://www.youtube.com/channel/UCWIYxJ_eeCShvBQGTjwGgnQ,"AF Coming UP Car",KR,2,3331,"review:2","왕의 귀환: 2026 현대 그랜저 리무진 풀 리뷰! / 전설의 귀환: 완전히 새로워진 2026 KGM 코란도 풀 리뷰!",,
UCKKZ83sbPSeJMNT8J4-DvYQ,https://www.youtube.com/channel/UCKKZ83sbPSeJMNT8J4-DvYQ,"정치보국",KR,1,3310,"politics:1","#천준호 ..당분간 떨어져 지내고 싶어..#이재명 #구교형 #정치비상구",,
UC09xECGJTs8YPzfr66EU86g,https://www.youtube.com/channel/UC09xECGJTs8YPzfr66EU86g,"한닙정치",KR,3,3227,"politics:3","🎯 09월 22일 한닙정치 주요 이슈 5가지! #한닙정치 #정치뉴스 #정치분석 #shorts / 📢 09월 22일 한닙정치 주요 이슈 5가지! #한닙정치 #정치뉴스 #정치분석 #shorts / 💥 09월 21일 한닙정치 주요 이슈 5가지! #한닙정치 #정치뉴스 #정치분석 #shorts",,
UCRXVgMnGUlbkHXl9MOlJC_Q,https://www.youtube.com/channel/UCRXVgMnGUlbkHXl9MOlJC_Q,"밥풀떼기TV",KR,1,3164,"sports:1","2025 KBO 리그 오피셜 컬렉션 카드 플러스#크보#롯데자이언츠",,
UCEbt91pJZpTkf5jjzjSFQsw,https://www.youtube.com/channel/UCEbt91pJZpTkf5jjzjSFQsw,"인생명언공감📚",,1,3129,"senior:1","#인생조언 #인생명언 #삶의지혜 #시니어 #삶의지혜 #중년 #노년 #2030 #3040 #4050 #명언 #의미 #공감 #인생공감 #인생 #공감",,
UC2SG7SG6dQ7Dw2NdJbPd0dw,https://www.youtube.com/channel/UC2SG7SG6dQ7Dw2NdJbPd0dw,"J리에",KR,1,3115,"senior:1","가을 시니어 패션 스카프 하나로 10살 어려 보이는법#건강생활 #시니어라이프 #시니어패션",,
UC6oZwWqwPDjL8vH10SD2d6A,https://www.youtube.com/channel/UC6oZwWqwPDjL8vH10SD2d6A,"힐링시니어라이프",KR,1,3022,"senior:1","이재명정부 기초수급제 폐지? #복지 #시니어정책 #복지정책",,
UCssgEZ2ieS4ZNOx9fBnxWVA,https://www.youtube.com/channel/UCssgEZ2ieS4ZNOx9fBnxWVA,"정약용노후지혜",,1,2980,"senior:1","가까울수록 선을 지켜라. #명언 #노후지혜 #중년 #시니어",,
UCdRzoLYqyKB0wThbrLlbQyQ,https://www.youtube.com/channel/UCdRzoLYqyKB0wThbrLlbQyQ,"미국한인교포 부자되는법",KR,2,2890,"senior:2","미국시니어 알면 돈 버는 생활 속 할인 혜택 / 은퇴 후 생활비가 빠듯할 때 시니어가 신청해야 할 미국정부 숨은 혜택 I 미국교포I 미국복지 I",,
UCIWpmWveUQJbrXu7WxleP_A,https://www.youtube.com/channel/UCIWpmWveUQJbrXu7WxleP_A,"퀴즈의 정석",KR,1,2878,"politics:1","#403. 우라늄부터 브릭스까지! 과학·경제·정치·사회 상식 퀴즈 🧪💰⚖️🗳️",,
UCynSOK9S5HuUlrbpkiYgm5Q,https://www.youtube.com/channel/UCynSOK9S5HuUlrbpkiYgm5Q,"iMBC연예",KR,1,2862,"entertainment:1","박형식, '트웰브' 회당 출연료 4억 원?…""사실과 달라"" [투데이 '픽'/iMBC연예뉴스]",,
UCzKMzT0m1no8-Oid6tlBEmQ,https://www.youtube.com/channel/UCzKMzT0m1no8-Oid6tlBEmQ,"노래강사 이소영tv",KR,1,2843,"senior:1","보고싶다 내사랑#노래교실#트로트#시니어#7080노래교실#노래강사#인기강사#떼창#웃음#감동#재미#인천서구노인복지관",,
UCADS1clc-9mhkGrvRe1RLpQ,https://www.youtube.com/channel/UCADS1clc-9mhkGrvRe1RLpQ,"N잡 연구소 NLAB",KR,1,2759,"ai:1","월급 220만 회사 때려치우고 AI 시니어 롱폼으로 월 천",,
UCU5_GMqJgN6MBAdPU28OJCQ,https://www.youtube.com/channel/UCU5_GMqJgN6MBAdPU28OJCQ,"건강한 삶의방향",KR,1,2703,"senior:1","일반 식당에서 절대 먹지 말아야할 것 3가지!#시니어건강 #건강한중년 #건강관리 #시니어라이프 #건강예방법 #노후건강 #건강회복",,
UCEdtPMVabRL_TeMD0a-EKTQ,https://www.youtube.com/channel/UCEdtPMVabRL_TeMD0a-EKTQ,"콘이",,1,2695,"sports:1","오피셜 ) 피모 가성비 골기퍼",,
UCWGk_-J9WJxgFBAgJXi4ilA,https://www.youtube.com/channel/UCWGk_-J9WJxgFBAgJXi4ilA,"JTV뉴스",KR,1,2685,"politics:1","[🔴LIVE 긴급 기자회견 ] 대장동 수사, 정치검찰의 조작기소 관련 법무부 감찰 촉구 기자회견...민주당 정치검찰 조작기소대응특위",,
UChlv4GSd7OQl3js-jkLOnFA,https://www.youtube.com/channel/UChlv4GSd7OQl3js-jkLOnFA,"삼프로TV 3PROTV",KR,1,2684,"ai:1","""AI 대중화의 키워드 ‘경량화’, 노타 AI가 답했다"" f. 노타 AI 채명수 대표 [심층인터뷰]",,
UC735w4D_iC3VBbCrt5GZ7wQ,https://www.youtube.com/channel/UC735w4D_iC3VBbCrt5GZ7wQ,"화인",,1,2614,"ai:1","무지성으로 다 패는 다이아 #오키나와 #발로란트 #valorant #게임 #발로 #shorts",,
UCLgE371927BQi2FuijK3RZQ,https://www.youtube.com/channel/UCLgE371927BQi2FuijK3RZQ,"라오 담배리뷰",KR,4,2610,"review:4","아크로얄 스위트 리뷰 #foryou #funny #shortvideo #sigmagirl #tiktok #viral / 긱베이프 피크 리뷰 / 복스 아이스레몬 1분 리뷰",,
UC35otFnbNi4WZ1OqQmIbrhQ,https://www.youtube.com/channel/UC35otFnbNi4WZ1OqQmIbrhQ,"곧시니어",KR,2,2552,"senior:2","이 약, 이렇게 먹으면 큰일나요! 99%가 모르는 충격적인 사실!! / 나이들수록 매력적인 여성이 절대 하지 않는 7가지!!",,
UCGA9gUrYCb4hRk_wHBzB_nQ,https://www.youtube.com/channel/UCGA9gUrYCb4hRk_wHBzB_nQ,"인천유나이티드 프로축구단 Incheon United F.C.",KR,1,2530,"official:1","다시 돌아온 '투지 넘치는 왼발' 강윤구 | 오피셜 📺",,
UCG9aFJTZ-lMCHAiO1KJsirg,https://www.youtube.com/channel/UCG9aFJTZ-lMCHAiO1KJsirg,"MBN News",KR,1,2498,"politics:1","🔴[LIVE] 장외로 나선 국민의힘, 야당탄압·독재정치 국민 규탄대회 / 이 시각 동대구역 앞 광장 | MBN NEWS",,
UCLP_8-Ozc6k8qfNzp8x4hxA,https://www.youtube.com/channel/UCLP_8-Ozc6k8qfNzp8x4hxA,"KBS비즈니스",KR,1,2446,"entertainment:1","콘서트장 시야 1티어#kbs #kbs스포츠월드",,
UCREjdu30qQ0Mfrbz9t-gt9A,https://www.youtube.com/channel/UCREjdu30qQ0Mfrbz9t-gt9A,"TBC뉴스",KR,2,2440,"politics:2","[정치로] 李 대통령, 유엔총회 참석… 국민의힘 대구서 첫 장외집회ㅣTBC뉴스 / 국민의힘 대구서 장외투쟁… “야당 탄압·독재 정치”ㅣTBC뉴스",,
UCyLZyh_bmln1ONADu_foZMg,https://www.youtube.com/channel/UCyLZyh_bmln1ONADu_foZMg,"Vfx 2.0",KR,1,2398,"official:1","[월드리버티파이낸셜] 중국 암호화폐 거래소 합병 논란,,오피셜트럼프 코인과 월드리버티가 다른 점은 무엇일까 ! #월드리버티파이낸셜",,
UCLAyZu2r6kwIaGewCY1CDJw,https://www.youtube.com/channel/UCLAyZu2r6kwIaGewCY1CDJw,"박영재 댄스스포츠 ",,2,2390,"senior:2","라틴 - #박영재댄스스포츠[010-9896-7747] #목포비치컵 #대회#블루스 #실버아이tv #shorts #포메이션 #Korea #Socia / 지루박 - #노원구청장배 #제너럴댄스타임 #박영재댄스스포츠[010-9896-7747] #실버아이tv #shorts #Korea #SocialDa",,
UCajSuScRqH52CY6YdHwmnTQ,https://www.youtube.com/channel/UCajSuScRqH52CY6YdHwmnTQ,"앙꼬빵",KR,1,2349,"senior:1","60세 이후 꿀 꼭 먹어야 하는 이유는? 시니어 건강 정보",,
UC1RVnfq1yet28kGOLeqsqqw,https://www.youtube.com/channel/UC1RVnfq1yet28kGOLeqsqqw,"광화문 코인",KR,3,2341,"official:3","오피셜트럼프 🔥트럼프 중대발표! 🔥 재단매집현황,매도타점 / [오피셜트럼프]🔥긴급속보 20조 락업 해제 발표! '이가격' 찍고 대폭락 나온다! #오피셜트럼프 #오피셜트럼프전망 #오피셜트럼프분석 #오피셜트 / 오피셜트럼프🔥이번주말 급등타점🔥원금회복 수익매도",,
UCFstrrRjjn__vq_ilrQPL_w,https://www.youtube.com/channel/UCFstrrRjjn__vq_ilrQPL_w,"콩파민 Kongpamine",,1,2335,"review:1","라부부의 수상한 편의점 팝업 리뷰 #팝마트 #popmart #라부부의수상한편의점 #성수팝업",,
UC3LP9c9M-mGU7YwcrchdZrw,https://www.youtube.com/channel/UC3LP9c9M-mGU7YwcrchdZrw,"우리집 시니어",KR,1,2258,"senior:1","기름이라고 다같은 기름이 아닙니다 #시니어건강 #좋은기름 #시니어채널 #중년건강 #노후건강#건강정보 #건강꿀팁",,
UCzt_aG_5IugThnbfSwhgWLA,https://www.youtube.com/channel/UCzt_aG_5IugThnbfSwhgWLA,"소소한담",,1,2211,"senior:1","시부모님 댁에서 설탕대신 소금을 넣었어요 #며느리 #시부모님 #시니어",,
UCUaZynW_gGLcUgATq_ptzoQ,https://www.youtube.com/channel/UCUaZynW_gGLcUgATq_ptzoQ,"Hello 녕",KR,1,2196,"sports:1","다시 돌아온 KBO 랜덤깡 ⚾️ 2025 KBO 오피셜 컬렉션 카드 플러스 후기",,
UCOEpgbZxedA73SrvWwFWPrg,https://www.youtube.com/channel/UCOEpgbZxedA73SrvWwFWPrg,"백세를 위한 길",KR,1,2129,"senior:1","시니어, 60세 이후 다리를 약하게 만드는 최악의 비타민 2가지 | 시니어 건강",,
UC5QogNPuqCovMBvpYxZ1_9g,https://www.youtube.com/channel/UC5QogNPuqCovMBvpYxZ1_9g,"또바조 ttovazo",,1,2125,"community:1","내가 필명을 안 밝히는 이유🤫 • 📚커뮤니티에 입장하셨습니다 • 웹소설작가 브이로그",,
UCvZFJsCCWXHhXCFu813-VsQ,https://www.youtube.com/channel/UCvZFJsCCWXHhXCFu813-VsQ,"제라코인",KR,1,2084,"official:1","[오피셜트럼프] 긴급 마지막 탈출 기회  ! 🚨  세력 매수 매도가 공개 !  🚨",,
UCkg-p8nRSPFPPDjGPrbHsPA,https://www.youtube.com/channel/UCkg-p8nRSPFPPDjGPrbHsPA,"혁나브리",KR,1,2073,"review:1","뮌헨 팀리뷰 스쿼드 모음 11종",,
UCyJdXzSNF57jtRI-aFs9kdg,https://www.youtube.com/channel/UCyJdXzSNF57jtRI-aFs9kdg,"그장화내꺼",KR,1,2067,"review:1","다이소 신상 리뷰😎",,
UChONlv4eeW5gEf2QzTbYmXg,https://www.youtube.com/channel/UChONlv4eeW5gEf2QzTbYmXg,"DevDosa",,1,2027,"ai:1","ChatGPT랑 개발자, 누가 더 잘할까요? #smartphone #개발자교육 #chatgpt #ai",,
UCLsJ7sVuGf0auEySnT2BHag,https://www.youtube.com/channel/UCLsJ7sVuGf0auEySnT2BHag,"풋볼 포레스트 - Forrest Football",KR,1,2006,"official:1","[오피셜] 2025 발롱도르 최종 우승자 발표됐다! 우스망 뎀벨레, 발롱도르 수상! 2025 발롱도르 순위 총정리, 난리난 파리 시내 반응",,
UC9Jm_B8qlXsFD1wd6RhUBWw,https://www.youtube.com/channel/UC9Jm_B8qlXsFD1wd6RhUBWw,"이슈체크",,2,1992,"entertainment:2","🔥무대 뉴스 1분 정리 #연예 #Shorts / 🔥할머니가 더 잘해 뉴스 1분 정리 #연예 #Shorts",,
UCOiIqb7QPJaN7Fr3gzJa09w,https://www.youtube.com/channel/UCOiIqb7QPJaN7Fr3gzJa09w,"센터필드 CenterField",KR,1,1978,"politics:1","한국 언론 자극  트럼프의 노림수? 진심? #센터필드 #정치 #news #shorts #트럼프 #무역협상",,
UC6c6UBw66zwTNNUC84Pb9HQ,https://www.youtube.com/channel/UC6c6UBw66zwTNNUC84Pb9HQ,"제이피갤러리",,1,1956,"review:1","36억 낙찰! 소더비 뉴욕 중국고미술 경매 리뷰 📝  #중국도자기 #sothebys",,
UCRUh7rNtjkwT7O0ALSZHorA,https://www.youtube.com/channel/UCRUh7rNtjkwT7O0ALSZHorA,"컴퓨터 만지는 고양이",KR,1,1925,"review:1","게임만 한다면? #게이밍pc #라이젠7800x3d #라이젠9600 #인텔14700kf #cpu추천 #가성비pc #게이밍cpu #게이밍컴퓨터 #프",,
UCrO6xSTfDG34qgGZjwlJ2sA,https://www.youtube.com/channel/UCrO6xSTfDG34qgGZjwlJ2sA,"람태",,1,1920,"review:1","온그리디언츠 이거 진짜 좋은 거 맞음;;? #메이크업 #솔직리뷰 #내돈내산 #화장품",,
UCwPwuHae9SagTePuAASPO6w,https://www.youtube.com/channel/UCwPwuHae9SagTePuAASPO6w,"꿀리뷰",,1,1899,"review:1","#연세말차크림카스테라 #리뷰 #asmr #cu",,
UC0woY-IzakZs8PVhg4s5xXQ,https://www.youtube.com/channel/UC0woY-IzakZs8PVhg4s5xXQ,"유성(流星)",,1,1875,"official:1","바지 잡고 넘어졌을 때... 나 VS 바지 #unxl #언오피셜 #인택 #장인택 #intec",,
UC6R7kQvqSmqsp1tbW16mhOg,https://www.youtube.com/channel/UC6R7kQvqSmqsp1tbW16mhOg,"영어친구 영어회화 ",KR,3,1857,"entertainment:3","3분영어 #1346 l #쉬운영어공부 #여행영어 #시니어영어 #왕초보영어 #일상 영어 #영어발음연습 #영어 표현 #기초영어 / 3분영어 #1339 l #쉬운영어공부 #여행영어 #시니어영어 #왕초보영어 #일상 영어 #영어발음연습 #영어 표현 #기초영어 / 3분영어 #1337 l #쉬운영어공부 #여행영어 #시니어영어 #왕초보영어 #일상 영어 #영어발음연습 #영어 표현 #기초영어",,
UCkS7AP2fk8Yg_BiQPP2ctNw,https://www.youtube.com/channel/UCkS7AP2fk8Yg_BiQPP2ctNw,"서강대학교 Sogang University",KR,1,1853,"entertainment:1","⚾️ 야구 여신의 컴백, 스포츠 아나운서 배지현(미국문화 06) 동문 인터뷰 - 서강가젯 vol.112 미리보기",,
UCsItLbXKK6ozgUq0gJMtYUw,https://www.youtube.com/channel/UCsItLbXKK6ozgUq0gJMtYUw,"사연 금은방",,1,1828,"senior:1","사기 안 당하는 5가지 습관 #시니어 #트로트 #아모르파티",,
UConQyxlwPlR8yC0bUNCT_JA,https://www.youtube.com/channel/UConQyxlwPlR8yC0bUNCT_JA,"코린이 보호구역",KR,2,1823,"official:2","오피셜트럼프전망🔥역대급 호재발표🔥내일 급등 / 오피셜트럼프🔥재단 긴급 발표 🔥폭락할까 폭등할까 대응전략 공개",,
UCupIrJK4uYmRjOUNq9_zHLw,https://www.youtube.com/channel/UCupIrJK4uYmRjOUNq9_zHLw,"시니어빌리티",KR,1,1818,"senior:1","집에만 있으면 손해! 💥 시니어 맞춤형 일자리 꿀팁  #노인일자리 #정부지원 #노후준비 #정부일자리지원 #어르신 #꿀정보 #60세이상 #202",,
UC3ICj7-Emgz3F-LlrTV7wiA,https://www.youtube.com/channel/UC3ICj7-Emgz3F-LlrTV7wiA,"이슈월드",KR,1,1807,"entertainment:1","#김지혜 #이혼생각 #연예뉴스 #닥터만물",,
UCVqetnrFwUnpNj9PFuUkirA,https://www.youtube.com/channel/UCVqetnrFwUnpNj9PFuUkirA,"영희의 시골정원(Yeonghee)",KR,1,1792,"sports:1","효자 전기톱 리뷰, 무선이라 엄청 편해요. 시골살림템 전기톱, 체인톱. 효자 무선전기톱, 충전전기톱",,
UCvjzRzrOEACWb7BZLXRHmAg,https://www.youtube.com/channel/UCvjzRzrOEACWb7BZLXRHmAg,"브라이튼 Brighten",KR,2,1750,"official:2","가사가 너무 좋은 제이팝!!! | Official鬚男dism(오피셜히게단디즘) - らしさ(나다움 | 100m(백미터)주제가 | BRIGHTEN  / Official鬚男dism(오피셜히게단디즘) - らしさ(나다움 | 100m(백미터)주제가 | BRIGHTEN Ver.) | 밴드 커버(Band ",,
UCBnXq8U21eRjHQ9VxEoUb-A,https://www.youtube.com/channel/UCBnXq8U21eRjHQ9VxEoUb-A,"jamaw2",,1,1747,"ai:1","파도 위의 서핑 대결! 🌊⚡ #서핑 #aiart #스포츠 #서퍼들 #아름다움 #파도 #shorts",,
UCBrkP2tFwFoyq9FNFVgIXmQ,https://www.youtube.com/channel/UCBrkP2tFwFoyq9FNFVgIXmQ,"위시보이스 창민 CHANGMIN",KR,1,1734,"official:1","프리텐더 - 오피셜히게단디즘 (Official髭男dism - pretender) 홍대 버스킹 cover",,
UC4BXhzX2K6wUCdA4_9a6Wzw,https://www.youtube.com/channel/UC4BXhzX2K6wUCdA4_9a6Wzw,"냥마루",KR,1,1723,"review:1","[애니 리뷰] 미카도노 세자매는 의외로 쉽다! 의외의 러브코미디 명작?!",,
UC6hSOkJI-GZ69v8-YB343NQ,https://www.youtube.com/channel/UC6hSOkJI-GZ69v8-YB343NQ,"정치브리핑",KR,1,1705,"politics:1","정청래 “국힘 장외투정”…“윤석열 똘마니 주제에” 맞불 #정치이슈 #국민의힘 #더불어민주당 #정치이슈 #국민의힘 #더불어민주당 #정치 #김건희 ",,
UCS0MO8k7Gp1_uofOyVNny0Q,https://www.youtube.com/channel/UCS0MO8k7Gp1_uofOyVNny0Q,"연예핫이슈",KR,1,1705,"entertainment:1","[연예핫이슈] 박수홍 친형 부부 재판 · 박형식 출연료 해명 · 몬스타엑스 빌보드 진입",,
UCO0WjztvFX-pjyK39bkkidQ,https://www.youtube.com/channel/UCO0WjztvFX-pjyK39bkkidQ,"시니어쉼터",KR,1,1705,"senior:1","이런 증상이 있으면 당장 확인하세요! #시니어라이프 #시니어쉼터 #시니어건강정보 #증상별이상증후 #증상별비타민부족 #비타민부족증상",,
UCAQx1C9xwCwiESjAIF4kIYA,https://www.youtube.com/channel/UCAQx1C9xwCwiESjAIF4kIYA,"태들갑",KR,1,1672,"review:1","편의점 소르베 리뷰 2탄🍧 #mukbang #asmr #icecream #소르베 #편의점 #먹방 #asmrsounds #realsound",,
UCbMRWnfdfcaSolnVvjwrRdQ,https://www.youtube.com/channel/UCbMRWnfdfcaSolnVvjwrRdQ,"정치펜",KR,1,1665,"politics:1","이준석 ""무슨 커뮤니티 여론으로 정책을 결정합니까?""",,
UCEVImZ1EkeilkrgY_Vl4P2g,https://www.youtube.com/channel/UCEVImZ1EkeilkrgY_Vl4P2g,"물건리뷰",,1,1665,"review:1","요리가즐거워진이유#쿠팡#쿠팡추천템#리뷰#꿀팁#추천#요리",,
UCzO1v_O-n5mR_XyTdo5ziRw,https://www.youtube.com/channel/UCzO1v_O-n5mR_XyTdo5ziRw,"탑브랜드몰",,1,1657,"review:1","#신발 #리뷰 #shoes #럭셔리패션 #명품 #가성비룩 #언박싱 #sneakers #데일리룩코디 #fashion",,
UCMoof4-5dOMUmBNyq3DlJMA,https://www.youtube.com/channel/UCMoof4-5dOMUmBNyq3DlJMA,"죠아죠아",KR,2,1652,"entertainment:2","전지현 중국논란 #연예뉴스 #연예인소식 #연예인핫이슈 #이슈 #뉴스 / 이효리 요가원 #연예뉴스 #연예인소식 #연예인핫이슈 #이슈 #요가원오픈 #뉴스",,
UC6P9KNx2tDi8n56oa2McCmQ,https://www.youtube.com/channel/UC6P9KNx2tDi8n56oa2McCmQ,"실버라이프 사운드",KR,1,1628,"senior:1","은퇴 후 이런 취미 어때요? 여행 + 수공예 체험 #노후생활 #은퇴 #시니어여행#가을여행",,
UC2CJ9VcQUNFqPriKB9t7qXg,https://www.youtube.com/channel/UC2CJ9VcQUNFqPriKB9t7qXg,"라튜브",KR,1,1572,"sports:1","[라다의 9월21일 오후경기 스포츠분석] [前와이즈분석위원]",,
UCTUnpbuKoOODvhLhCO_kO_A,https://www.youtube.com/channel/UCTUnpbuKoOODvhLhCO_kO_A,"유튜브맘마",KR,1,1559,"sports:1","시골 농협은행 구현된 게임ㅋㅋ  #roblox #로블록스게임  #게임  #로블록스재밌는게임  #로블록스  #로블",,
UCIxkoptbMs72N2b6kzzZR9w,https://www.youtube.com/channel/UCIxkoptbMs72N2b6kzzZR9w,"ZCAM",KR,1,1557,"entertainment:1","나나(wooah) 'golden' 댄스스포츠 dancesports  / ISAC 아육대 250825 #직캠",,
UCkJCJvKRZPFxcC2USA39ZFg,https://www.youtube.com/channel/UCkJCJvKRZPFxcC2USA39ZFg,"ALL IN CUP",,2,1545,"ai:2","MVP 쇼츠 #발로란트 #이스포츠동호인대회  #valorant #발로란트대회 #미니덕트 #올인컵 / OPG 사전인터뷰 쇼츠  #발로란트 #이스포츠동호인대회 #valorant #올인컵 #발로란트 대회",,
UCiJprb7o5WVdaYdfOKfD4Fw,https://www.youtube.com/channel/UCiJprb7o5WVdaYdfOKfD4Fw,"부쿠로bukuro",KR,1,1537,"official:1","오피셜히게단디즘(Official髭男dism) - 프리텐더(Pretender) #pretemder #cover #라이브 #스트리밍 #프리텐더",,
UCdmukSDa7ngwvDIz2S9nCtA,https://www.youtube.com/channel/UCdmukSDa7ngwvDIz2S9nCtA,"벤틀러스 앤 랜드크래프트 오피셜",,1,1536,"official:1","포항 호미곶 미니지프 렌탈샵오픈!!!#미니지프#포항호미곶#포항호미곶맛집#호미곶해맞이광장#호미곶유채꽃밭#호미곶여행#벤틀러스",,
UCT6dCa87o6m9FKHcIs49AbA,https://www.youtube.com/channel/UCT6dCa87o6m9FKHcIs49AbA,"아리냥집사",KR,1,1528,"review:1","MSI UMPC 클로 7 AI+ A2VM-U7 WIN11 언박싱, 간단 리뷰",,
UCIlgMveCfpW9YvkLHRgUncw,https://www.youtube.com/channel/UCIlgMveCfpW9YvkLHRgUncw,"욘사마",,1,1493,"review:1","무신사 여자 셋업 리뷰 #무신사하울 #데일리룩코디 #badblue #쇼핑한줌 #쇼핑한zoom #택배깡 #패션하울 #코디북 #코디 #ootd #f",,
UC4zuqEVGdaZdaoTbiZD8F5w,https://www.youtube.com/channel/UC4zuqEVGdaZdaoTbiZD8F5w,"역사벌스",KR,2,1476,"politics:2","장동혁당대표 동대구 명연설(3)야당탄압,독재정치 국민 규탄대회 / 장동혁당대표 동대구 명연설(1)야당탄압,독재정치 국민 규탄대회",,
UCjGthKJXo5U0aAE_9Lu7XUg,https://www.youtube.com/channel/UCjGthKJXo5U0aAE_9Lu7XUg,"빛나는후반 헬스&뷰티",KR,1,1475,"senior:1","관절, 통증을 잠재우는 항염음식 3가지 #시니어건강 #건강한중년 #건강정보 #시니어라이프 #60대 #노후건강",,
UCKKDenJgR3ocwphcyTO7fiA,https://www.youtube.com/channel/UCKKDenJgR3ocwphcyTO7fiA,"K.D.N(Korea Daily News)",,1,1469,"politics:1","“한학자 통일교 총재, 김건희·권성동 금품 의혹 영장심사” #이재명 #정치이슈 #뉴스요약 #1분뉴스#한학자#통일교#김건희 #권성동 #정치자금#청",,
UCtwdNMVajUgcAHumo2b3WVg,https://www.youtube.com/channel/UCtwdNMVajUgcAHumo2b3WVg,"가요뉴스넷",KR,1,1460,"entertainment:1","[진해성] 진해성의 '니가니가' 역주행,  포기하지 않는 진심이 만든 기적 #진해성 #니가니가 #진해성 역주행",,
UCqiaGjpb4FVDpFpBt2z0QSw,https://www.youtube.com/channel/UCqiaGjpb4FVDpFpBt2z0QSw,"Z-ING",KR,1,1440,"official:1","[Z-ING] Pretender - Official髭男dism Cover #Shorts | 남자키 여자커버",,
UCQ-QdB89fPXWdxvG_7qhGmg,https://www.youtube.com/channel/UCQ-QdB89fPXWdxvG_7qhGmg,"별동네소식",KR,1,1439,"entertainment:1","패션 센스 갑 남자 연예인",,
UC4VWaR3R17Ruc7j1Cy1-PKQ,https://www.youtube.com/channel/UC4VWaR3R17Ruc7j1Cy1-PKQ,"게임찍먹 전문 겜노인",KR,1,1432,"review:1","[첫플레이] EA플레이 축구 스포츠게임 'FC 26(LA FC VS 인터 마이애미 CF)' 초반 23분 플레이 및 한줄평!",,
UC6hql77LBq7MLn77-Few1gA,https://www.youtube.com/channel/UC6hql77LBq7MLn77-Few1gA,"남봉이",,1,1425,"official:1","official髭男dism(오피셜히게단디즘) - Pretender cover (프리텐더 커버) 노래방반주 후반부애드립부분",,
UCchKKkLoAo1h8gF3g-kNXGg,https://www.youtube.com/channel/UCchKKkLoAo1h8gF3g-kNXGg,"지터TV",KR,1,1422,"review:1","더스타라이트 개쩌는 4세대 알피지 리뷰",,
UCH-4K9kP9m49O2jop5bQbPQ,https://www.youtube.com/channel/UCH-4K9kP9m49O2jop5bQbPQ,"Mark Dual TV",KR,1,1418,"sports:1","오피셜' 터진다! 메시 vs 손흥민!#손흥민#메시",,
UCMrpCt122IjjY0WEjb5jJQg,https://www.youtube.com/channel/UCMrpCt122IjjY0WEjb5jJQg,"부모마음 자식마음",KR,1,1397,"senior:1","당뇨에 치명적인 과일, 꼭 주의하세요! #시니어건강 #시니어라이프",,
UCqEd5DMc-w57kndHwYYa0Pw,https://www.youtube.com/channel/UCqEd5DMc-w57kndHwYYa0Pw,"단밤부부DanBam",DZ,1,1377,"entertainment:1","굵은 웨이브펌 리뷰",,
UCk_UeuAujyE6oY-tUdnZSuQ,https://www.youtube.com/channel/UCk_UeuAujyE6oY-tUdnZSuQ,"토독",,1,1376,"ai:1","Cracking Rainbow Ice Jelly 얼음 젤리 무지개 AI ASMR",,
UCEecV-3QUwioy2bC6fpHxDg,https://www.youtube.com/channel/UCEecV-3QUwioy2bC6fpHxDg,"오늘의정치",KR,1,1308,"politics:1","이재명 대통령이 전 국민 대청소를 선언했습니다! #shorts #정치 #뉴스",,
UCKlQBey5CXJ-GvVECgkb2Sw,https://www.youtube.com/channel/UCKlQBey5CXJ-GvVECgkb2Sw,"한국주식 탐구생활",,1,1295,"senior:1","신나는 노후를 위한 5가지 아이디어 #명언 #인생명언 #시니어공감",,
UC4BLIbuLu-BDtveLU4Is7uA,https://www.youtube.com/channel/UC4BLIbuLu-BDtveLU4Is7uA,"코린이 커뮤니티 공식채널",KR,1,1295,"official:1","오피셜트럼프 트럼프가 직접 들어올리나",,
UC64Nwl5N_RgV5kyTThaDK1Q,https://www.youtube.com/channel/UC64Nwl5N_RgV5kyTThaDK1Q,"드라마봄봄",KR,1,1291,"entertainment:1","[화려한날들13화예고]#드라마리뷰 #드라마 #kbs드라마 #화려한날들",,
UCgAWXqWnJu-rpqyYOiIEdCA,https://www.youtube.com/channel/UCgAWXqWnJu-rpqyYOiIEdCA,"썰 모아보기",KR,1,1282,"community:1","사먹기 vs 해먹기 #썰 #커뮤니티",,
UCKseEeqUd83PijWWhiEOokQ,https://www.youtube.com/channel/UCKseEeqUd83PijWWhiEOokQ,"엔지니어장",,1,1272,"game:1","SKIL DL6300 더블 헤드 퀵 체인지 스킬전동드릴 리뷰",,
UCodiqAT2elnDnmS3T0jeldQ,https://www.youtube.com/channel/UCodiqAT2elnDnmS3T0jeldQ,"[STZ] 노래하는 땃쥐",KR,1,1271,"official:1","Official髭男dism - Pretender (Cover.ToT-Zi)  / 오피셜히게단디즘 - 프리텐더 #커버곡 #cover #커버영상 #",,
UCzi4OdQ_ntDiPS4sRxK6QsA,https://www.youtube.com/channel/UCzi4OdQ_ntDiPS4sRxK6QsA,"혜",,1,1249,"review:1","잡티 검버섯 다 사라집니다 #기미잡티 #피부관리 #피부 #추천 #리뷰 #후기 #퓨어라이트 #더골드앰플 #앰플추천 #검버섯",,
UCKBz3u6FO9LrfKD98TVvhWQ,https://www.youtube.com/channel/UCKBz3u6FO9LrfKD98TVvhWQ,"건강플러스50",KR,1,1243,"senior:1","자식들 싸움에 끼지 않는 진짜 이유? #쇼츠 #유튜브쇼츠 #시니어사연 #부모님마음 #자식갈등 #가족이야기 #감동 #효도 #공감 #슬픈이야기 #인",,
UCoaQPQVagbVxqWNlJB69jAg,https://www.youtube.com/channel/UCoaQPQVagbVxqWNlJB69jAg,"프리미어 코인",KR,1,1236,"official:1","오피셜트럼프 트럼프가 매집 들어올리나?",,
UC7YYyYsqOLarKfVV4aSKzzA,https://www.youtube.com/channel/UC7YYyYsqOLarKfVV4aSKzzA,"인범슬롯[영상제보받습니다]",KR,1,1218,"community:1","[바카라사이트] 범이보증 입니다! 안전한 공원 각종 커뮤니티 보증업체!",,
UCu2bqoR9gDrrtj7dbFAILxg,https://www.youtube.com/channel/UCu2bqoR9gDrrtj7dbFAILxg,"🍥보라쨩",KR,1,1210,"review:1","🫡요즘 전투식량 물도 필요없음 #군대 #전투식량 #리뷰",,
UC4QMC4bjQ60zvkKsaBfHmqg,https://www.youtube.com/channel/UC4QMC4bjQ60zvkKsaBfHmqg,"OFFTHECHARTZ | 오차트",,1,1210,"official:1","#ライブ #노래추천 #jpop #라이브 #live #일본 #music #일본노래 #밴드 #오피셜히게단디즘 #official髭男dism #band",,
UCR9tkYxhi51w9fVUBDB_xDg,https://www.youtube.com/channel/UCR9tkYxhi51w9fVUBDB_xDg,"StreetVideoTV",,1,1207,"sports:1","[스포츠] 손흥민 리그 6호골 2호 도움 작렬! ⚽️☄️",,
UC8ODCAaAR6QxcKFd0XDcUVg,https://www.youtube.com/channel/UC8ODCAaAR6QxcKFd0XDcUVg,"앵두 스튜디오🍒",,1,1190,"community:1","헐ㄹㄹㄹㄹ(커뮤니티 확인하깅!!!!!!!)",,
UCwQKYfILVQwBLwN02V716MQ,https://www.youtube.com/channel/UCwQKYfILVQwBLwN02V716MQ,"리뷰박스",KR,1,1190,"review:1","옷장 넓게 쓰는 다중 옷걸이 #제품리뷰 #제품추천 #꿀팁 #꿀템",,
UC1M670Nd9dZruC58JtdV65A,https://www.youtube.com/channel/UC1M670Nd9dZruC58JtdV65A,"Laud community 러드 커뮤니티",KR,1,1178,"community:1","Live!!🔥온전하신 주 _ 러드 오리지널 _ 러드 커뮤니티 in 캠프 코리아 25",,
UCZgk-EXaS_AssqnTWQGMrSQ,https://www.youtube.com/channel/UCZgk-EXaS_AssqnTWQGMrSQ,"팩만이",KR,1,1178,"politics:1","이준석의 망상정치  #매불쇼 #최욱 #조국 #겸공 #김어준 #김건희 #전한길 #트럼프",,
UC1WVP6WPY0U_yXeV9-ZAA-Q,https://www.youtube.com/channel/UC1WVP6WPY0U_yXeV9-ZAA-Q,"두더지의 공간",,1,1166,"senior:1","🚰 하루 물 루틴 — 시니어 건강 지키는 6~8컵 습관 #건강습관 #지식 #건강한중년 #물마시기 #시니어건강 #탈수예방 #노인건강 #변비예방 ",,
UCbEZjgGVvBVNx-qekjXau_w,https://www.youtube.com/channel/UCbEZjgGVvBVNx-qekjXau_w,"토토홈즈",KR,1,1159,"sports:1","토토분석 스포츠분석 프로토분석 9월23일 J리그 일본축구 축구분석 축구승무패",,
UCopVmvkQU0N4xjFPp94VFmA,https://www.youtube.com/channel/UCopVmvkQU0N4xjFPp94VFmA,"pure light1234",,1,1154,"review:1","주름 기미 잡티개선 올인원 화장품 추천#화장품리뷰#기미잡티#잡티제거#주름고민#주름제거#팔자주름#눈가주름#주름크림#잡티크림#노화개선#기능성화장품#",,
UC9ATHOR4jpq-dM-ef_lW35Q,https://www.youtube.com/channel/UC9ATHOR4jpq-dM-ef_lW35Q,"NEMO D",,1,1151,"entertainment:1","은밀한연예 커튼콜_대학로연극 (20250329)",,
UCCqFa9y9UNVTHY0G1U7ll1Q,https://www.youtube.com/channel/UCCqFa9y9UNVTHY0G1U7ll1Q,"사연 미디어",KR,1,1131,"senior:1","장례식장에서 밝혀진 남편의 숨겨진 딸 #시니어사연",,
UCtWpKQZXpWSCZo4pN4U2keg,https://www.youtube.com/channel/UCtWpKQZXpWSCZo4pN4U2keg,"재니튜브",KR,1,1127,"ai:1","#shorts 지나가던 사람들이 다 쳐다봄 #게임 #펌프초고수 #piu #arcade #펌프 #games #펌프잇업 #프리마마테리아 #s21 #",,
UCGfd4wETuqNzvj_kCQQutSg,https://www.youtube.com/channel/UCGfd4wETuqNzvj_kCQQutSg,"트로트시대",KR,1,1123,"community:1","사법부 독립은 공정한 재판에서 시작 #뉴스 #정치이슈 #외교 #이재명대통령 #이슈 #김정은 #트럼프",,
UCBQ04pkCI2-O-3rIawL1Dyg,https://www.youtube.com/channel/UCBQ04pkCI2-O-3rIawL1Dyg,"BJ조대표",KR,1,1120,"sports:1","9월 21일 토토 프로토111회차 해축 해외축구 스포츠분석 리그앙 에레디비지 축구 농구 배구 야구 해외축구  j리그 일축 국축 MLB 프리미어리",,
UCXyGjPJYtSGrKfbgs8Z5gIg,https://www.youtube.com/channel/UCXyGjPJYtSGrKfbgs8Z5gIg,"오늘뭐사지",KR,1,1093,"review:1","[쇼츠리뷰] 집에서 뱃살 태우는🔥 메라치 AB코어",,
UCK5rTw-eUm1O4w632d3C40A,https://www.youtube.com/channel/UCK5rTw-eUm1O4w632d3C40A,"리뷰판사 - 이거 진짜 맛있을까?",KR,1,1087,"review:1","파파존스 브라우니 - 이거 진짜 맛있을까? #솔직리뷰",,
UCHhtRT2BHQvgIuxpuKiSLkw,https://www.youtube.com/channel/UCHhtRT2BHQvgIuxpuKiSLkw,"시니어시니어!",KR,1,1080,"senior:1","시니어를 위한 가을철 탈모예방건강가이드  #시니어 #이슈 #건강한중년",,
UCWcPv8dr6ZtsT9tfw7__3MA,https://www.youtube.com/channel/UCWcPv8dr6ZtsT9tfw7__3MA,"상품리뷰",KR,1,1072,"review:1","머리땋기 스타일링 기계 2단 #미용 #머리땋기 #리뷰 #추천",,
UC03xzH3gWs4VkblGw-7U4eg,https://www.youtube.com/channel/UC03xzH3gWs4VkblGw-7U4eg,"우리들의블루스",KR,1,1050,"entertainment:1","엄마가 사무칠때 ""꼭""보세요  #시니어 #시니어TV #시니어콘텐츠 #시니어드라마 #시니어오디오북 #오디오북 #영감을주는이야기",,
UChtnAQp0poJcT9Ap1bJOmkA,https://www.youtube.com/channel/UChtnAQp0poJcT9Ap1bJOmkA,"야구정리당",KR,1,1049,"official:1","오피셜 한화이글스 내부상황2",,
UCeoCmEOb7eST82Q7OE8U26A,https://www.youtube.com/channel/UCeoCmEOb7eST82Q7OE8U26A,"HEB방송",KR,1,1046,"politics:1","쓰레기 같은 정치공작 감행 이게 나라입니까? #장동혁",,
UCAaLTDuFL4dGMBkvsNwAtow,https://www.youtube.com/channel/UCAaLTDuFL4dGMBkvsNwAtow,"ellie",KR,1,1028,"entertainment:1","🎵숙녀에게 🎤 lipsync ai 커버 트로트 발라드 #숙녀에게 #변진섭 #최유리 #cover #7080 #80s #서울가요제",,
UCTHCOPwqNfZ0uiKOvFyhGwg,https://www.youtube.com/channel/UCTHCOPwqNfZ0uiKOvFyhGwg,"연합뉴스TV",KR,1,1025,"politics:1","한학자, 최후진술서 ""정치에 관심이 없고 정치 몰라"" / 연합뉴스TV (YonhapnewsTV)",,
UC8mDyKllnk9XAzNooUUjDdA,https://www.youtube.com/channel/UC8mDyKllnk9XAzNooUUjDdA,"AITEAMSPORTS",,2,1023,"sports:2","서울 2025년 스포츠 경기가 시작됩니다.  #스포츠#세계선수권 #여자배구#여자육상#육상#농구#축구#수영#단거리#장거리#미녀#예술  🥇 / 서울 2025년 스포츠 경기가 시작됩니다.  #스포츠#세계선수권 #여자배구#여자육상#육상#농구#축구#수영#단거리#장거리#미녀#예술  🥇",,
UC_-bOeU3H3j23sKZxoXxiRg,https://www.youtube.com/channel/UC_-bOeU3H3j23sKZxoXxiRg,"이야기공감마당",KR,1,998,"senior:1","피아노때문에 엄마를 버린 내 아이 #실제사연 #실화 #시니어유튜브  #시니어 #사연",,
UCvuxcnbmPDlujHi8exzrzFQ,https://www.youtube.com/channel/UCvuxcnbmPDlujHi8exzrzFQ,"토박이 - 스포츠 토토 전문 채널",,1,998,"sports:1","스포츠토토. 프로토승부식112회. 월요일 배팅은?",,
UCqXFAcHtkbwnNWpGLL_S_0Q,https://www.youtube.com/channel/UCqXFAcHtkbwnNWpGLL_S_0Q,"유쵸",KR,1,985,"sports:1","2025 KBO 오피셜 컬렉션 카드 플러스 + 올스타 카드 포토카드깡 포카 #야구카드 #kbo #ssg랜더스 #세븐일레븐",,
UC-WJxhtBcRKgpuyl5HEqPjg,https://www.youtube.com/channel/UC-WJxhtBcRKgpuyl5HEqPjg,"토토엉클",KR,1,970,"sports:1","토토분석 스포츠분석 프로토분석 2025년 9월22일 월요일 국내야구 KBO 해외축구 세리에A EFL 챔스 주요경기분석",,
UCPPSpRZpF6C6O_D8VOiWFFw,https://www.youtube.com/channel/UCPPSpRZpF6C6O_D8VOiWFFw,"Chodun",,1,969,"community:1","커뮤니티하면서 돈버는 방법 #유머",,
UCZcajoQ7MRSMSuGikt3G_JA,https://www.youtube.com/channel/UCZcajoQ7MRSMSuGikt3G_JA,"다시 봄 시니어의 시간",KR,1,956,"senior:1","비타민제 많이 먹을수록 건강해질까요  #추천 #올바른정보 #시니어건강 #건강정보",,
UCgb7FXENB_ym3APJFlY3dsw,https://www.youtube.com/channel/UCgb7FXENB_ym3APJFlY3dsw,"래리AI",KR,1,933,"ai:1","Robinhood와 경쟁자들 - 네트워크 효과를 가진 투자 커뮤니티 플랫폼",,
UCxw_2YdIgi5ZBWR0fxXCSRw,https://www.youtube.com/channel/UCxw_2YdIgi5ZBWR0fxXCSRw,"커피타임",KR,1,933,"senior:1","아내가 팬티를 안 입고 집에 왔습니다. 시니어 사연/ 불륜  / 시니어 롱폼 / 이혼 / 오디오 북",,
UC-z1PiP48Ri-QJKlNKVDPwA,https://www.youtube.com/channel/UC-z1PiP48Ri-QJKlNKVDPwA,"성숙한 하루",KR,1,926,"senior:1","“손주 메시지 왜 안 열리지     #시니어유머#손주메시지#공감에피소드",,
UC4JuxDIdPCJOdsd6CxOprnQ,https://www.youtube.com/channel/UC4JuxDIdPCJOdsd6CxOprnQ,"빠른티비 야구",KR,1,923,"sports:1","#스포츠중계 #shorts #김하성 #mlb #atlanta 김하성, 1억 달러 FA 애틀랜타 초긴장!!",,
UC_2736Gc9pV2tfAAbjJR7zQ,https://www.youtube.com/channel/UC_2736Gc9pV2tfAAbjJR7zQ,"달빛이야기",KR,1,921,"senior:1","시니어 김경일 심리학 60대 70대 2편 #심리학 #나이 #행복 #노년 #성장 #나이두려움 #긍정심리 #김경일 #자기계발 #한국사회",,
UC6imHUr2igi8CR8WGe6_zkg,https://www.youtube.com/channel/UC6imHUr2igi8CR8WGe6_zkg,"노랫말4me",,1,917,"official:1","[LIVE] Official髭男dism(오피셜히게단디즘) - らしさ 나 다움 ライブ (Full HD 가사번역) summer sonic 2025",,
UCZNCRQ_D36eK3rERf5OG22A,https://www.youtube.com/channel/UCZNCRQ_D36eK3rERf5OG22A,"잡학다식",KR,1,915,"game:1","출시 임박!10월 놓히면 안되는 서브컬쳐 게임들 찾아봤습니다!",,
UCm8DkLMs1ej8vHDDFgl5k0Q,https://www.youtube.com/channel/UCm8DkLMs1ej8vHDDFgl5k0Q,"시니어 잡학사전",KR,1,915,"senior:1","[영양 14] 간 건강을 지켜주는 음식 TOP 3 #시니어피부관리 #60대피부관리 #시니어건강",,
UCn7mGlIkUfM1LzqDcCrtmdQ,https://www.youtube.com/channel/UCn7mGlIkUfM1LzqDcCrtmdQ,"빵규 BBanggyu",,1,911,"review:1","양말을 잘만들면 신발도 잘만들까? CEP 러닝화 리뷰",,
UCI9yvQxhE22GxGTcrO0yeHg,https://www.youtube.com/channel/UCI9yvQxhE22GxGTcrO0yeHg,"시니어본색",KR,1,910,"senior:1","시니어 필수 이거, 놓치면 매달 눈물!  #시니어복지 #기초연금 #정부지원 #노후준비 #연금혜택 #65세이상 #행복한노후",,
UC18GJEv3JCs68LCo7Ul6LlA,https://www.youtube.com/channel/UC18GJEv3JCs68LCo7Ul6LlA,"국회톡톡",KR,1,907,"politics:1","조희대 청문회 의결…추미애 vs 나경원, 국회 또 난장판 #정치뉴스 #조희대 #청문회",,
UCh8LfWAR-irioofKVUQUZ7w,https://www.youtube.com/channel/UCh8LfWAR-irioofKVUQUZ7w,"건강아 돌아와 ",KR,1,897,"senior:1","중년·시니어 비행 여행 필수 정보, 거의 알려지지 않은 8가지 특별 혜택 나만 모르면 손해! l시니어여행ㅣ노후여행ㅣ중년여행ㅣ해외여행ㅣ",,
UClfvbkIvHIU_oHPfX2D8Ang,https://www.youtube.com/channel/UClfvbkIvHIU_oHPfX2D8Ang,"경인일보",KR,1,877,"politics:1","""정치개혁 특위 통해 국민의힘을 정치 주변으로 몰아내야""",,
UCQ0t0i90HVM_nZRfaG55fDA,https://www.youtube.com/channel/UCQ0t0i90HVM_nZRfaG55fDA,"영시야",KR,1,867,"senior:1","군 문화 패션쇼 한국시니어 모델협회 나나영회장 외 10 계룡대 군문화축제",,
UCQSr6Cv-CD6vybNuKOceSPw,https://www.youtube.com/channel/UCQSr6Cv-CD6vybNuKOceSPw,"SBC NEWS KOREA",KR,1,859,"community:1","“커뮤니티 끊으시라”…이준석, 李대통령 ‘여적여 발언’ 직격한 이유",,
UCg7e0Cbce19PXLYQgjV8dpA,https://www.youtube.com/channel/UCg7e0Cbce19PXLYQgjV8dpA,"AI드라마",KR,1,857,"senior:1","[단편] 시니어사연, 70세 엄마의 고백: ‘나는 아파도 아프면 안 되는 사람이야’",,
UCQKePJbGq_BFyOF4MqagqfQ,https://www.youtube.com/channel/UCQKePJbGq_BFyOF4MqagqfQ,"Gunpla Lab[건프라 연구소]",KR,1,843,"review:1","“홀로그램인가” 에다스 발키리 전기코팅 ver. 리뷰",,
UCD8JyVuJ6Dtr9BQp16bbzjQ,https://www.youtube.com/channel/UCD8JyVuJ6Dtr9BQp16bbzjQ,"인생백과사전",KR,1,836,"senior:1","시니어 황금빛 런웨이",,
UCpNCk8puBWT354x8oXzMRXg,https://www.youtube.com/channel/UCpNCk8puBWT354x8oXzMRXg,"소모임",,1,827,"entertainment:1","천만배우께서 이런 누추한 곳에....(ft.연예림)",,
UCOO4X5buPN_YJpQ1VaRlSJw,https://www.youtube.com/channel/UCOO4X5buPN_YJpQ1VaRlSJw,"뉴스속",US,1,805,"community:1","“재판으로 이재명을 끝내겠다? 과연 그것이 정치일까? #장동혁 #이재명재판 #정치보복 #민주주의위기 #국민의힘#진보비판 #뉴스쇼츠 #시사이슈 #",,
UCg8B79bavhMozJfE4XDmhGw,https://www.youtube.com/channel/UCg8B79bavhMozJfE4XDmhGw,"건강고도리(웰빙전도사)",KR,1,763,"senior:1","다이소 2천원 짜리 하나 없어서 13만원 벌금 폭탄?! | 시니어 운전자 필수템 7가지 (목숨 지갑 동시 사수!)",,
UCdfiDIjV5Vi20m_ypf4nYpQ,https://www.youtube.com/channel/UCdfiDIjV5Vi20m_ypf4nYpQ,"성율",,1,761,"community:1","커뮤니티 봐주세염!#추천추천추천추천추천추천추천추천추천추천 #로블록스 #로블계 #눌러주세용 #좋아요댓글",,
UCgxqQveHlyKIqu2wDHMuAbg,https://www.youtube.com/channel/UCgxqQveHlyKIqu2wDHMuAbg,"아파트설명서TV",KR,1,750,"community:1","청담르엘 내부·초대형 커뮤니티·인프라 완벽 파헤치기(서울에서 가장 똘똘한 한채를 찾는다면)",,
UC7qwL-YIlL5Z1pV8rafT52w,https://www.youtube.com/channel/UC7qwL-YIlL5Z1pV8rafT52w,"영상만드는남자VM 수상레져채널",KR,1,749,"review:1","✨️2026 로닉스RXT 리뷰영상 #신형정 #웨이크보드 #국가대표",,
UCxAUsPVMaCYbIbipyg-1tXQ,https://www.youtube.com/channel/UCxAUsPVMaCYbIbipyg-1tXQ,"캡틴 무료스포츠 분석",KR,1,747,"sports:1","스포츠토토VIP⭐9월21일(일)⭐야구분석/NPB일본야구/KBO프로야구[승무패/핸디캡/언더오버][목차확인][무료조합][가장 빠르고 정확한 토토분석",,
UCkKOvpgfJU6lU0Q3V1ZADvw,https://www.youtube.com/channel/UCkKOvpgfJU6lU0Q3V1ZADvw," 딩초(임시 계정)",,1,738,"community:1","귀신캐의 이름은 인유아로 결정!(커뮤니티에 투표 올렸으니 투표 해주세요!)",,
UC_yS3ak-S143UVysRGtsO1Q,https://www.youtube.com/channel/UC_yS3ak-S143UVysRGtsO1Q,"GS326",GB,1,700,"sports:1","[MLB]  애틀랜타 VS  워싱턴 중계 #스포츠분석#스포츠중계#엠엘비",,
UC4jUvJcfYLguV7j9G0CRDHg,https://www.youtube.com/channel/UC4jUvJcfYLguV7j9G0CRDHg,"돼릉선수촌",,1,663,"official:1","대한축구협회, 황의조 중징계 오피셜",,
UCHlSeJxRIXZWMARC2oMwmcQ,https://www.youtube.com/channel/UCHlSeJxRIXZWMARC2oMwmcQ,"KBS 교양",KR,1,652,"ai:1","AI 주권 확보의 열쇠, 공공 AI [이슈 픽 쌤과 함께] | KBS 250921 방송",,
UC3rulXVO48ZN6VR0flEn3NQ,https://www.youtube.com/channel/UC3rulXVO48ZN6VR0flEn3NQ,"캠핑 즐기는 남자 캠퍼조이",,1,650,"review:1","여름, 초가을 침낭 / 반고 맨티스 플래닛, JR기어 프리즘 60 리뷰",,
UCa92PMIle_Ij1johCnF5pCg,https://www.youtube.com/channel/UCa92PMIle_Ij1johCnF5pCg,"대원지프랜드(RV.SUV차량 튜닝의 모든것!)",,1,639,"game:1","타스만사이드스텝 스포츠롤바 슬라이딩베드 롤스크린 스피드커버 트렁크몰딩 하드탑 픽업트럭 하프탑 외장튜닝 대원지프랜드 T.1588-1141 www.",,
UC-K3af95OgarF-YLbMeit3A,https://www.youtube.com/channel/UC-K3af95OgarF-YLbMeit3A,"중년산책",KR,1,638,"senior:1","맞습니다 #좋은글귀#인생조언#인간관계#마음힐링#명언모음#시니어 사연#시니어 롱폼#시니어 건강#삶의지혜#좋은글 정원 #행복명언#시니어#힐링글귀#사",,
UC3XP289tvGByGbrPCIKlA0w,https://www.youtube.com/channel/UC3XP289tvGByGbrPCIKlA0w,"최포리",KR,1,638,"sports:1","SCC 2025 KBO 리그 오피셜 컬렉션 카드 플러스 개봉기",,
UCRsvy5MjmCxNbGNGLOUzUWA,https://www.youtube.com/channel/UCRsvy5MjmCxNbGNGLOUzUWA,"만수무강뉴스",KR,1,637,"community:1","대통령의 커뮤니티 중독, 국격 하락의 원인!",,
UCnJDlAaDrTJbATXRcbmQU5A,https://www.youtube.com/channel/UCnJDlAaDrTJbATXRcbmQU5A,"린시니어스쿨,   린 뉴스와  린 베스트셀러 ",,1,629,"senior:1","#린시니어스쿨 #복지 #국내 뉴스 5 #뉴스",,
UCKFWTqwEKYaR93n6_MKG6ew,https://www.youtube.com/channel/UCKFWTqwEKYaR93n6_MKG6ew,"황금구두 ",KR,1,580,"community:1","롯데캐슬드메르 51층커뮤니티시설 드메르풀장 드메르사우나 드메르헬스장 드메르까사부사노 라운지이요 호텔식커뮤니티시설 북항여객터미널앞 부산드메르",,
UCcY8cx5LgXI-tImKAXVCyYg,https://www.youtube.com/channel/UCcY8cx5LgXI-tImKAXVCyYg,"【시니어 연애】사랑은 나이를 초월한다",KR,1,570,"senior:1","【시니어 연애】“정원 깊숙이, 단둘이… 그녀의 한마디에 나는 더 이상 도망칠 수 없었다”【시니어의 밤】",,
UC5YM8Ln-4iMBR9ZEqcDN5kw,https://www.youtube.com/channel/UC5YM8Ln-4iMBR9ZEqcDN5kw,"제주MBC NEWS",KR,1,528,"politics:1","국민의힘 집회에 통일교.신천지 등 사이비 정치세력 얼마나 동원됐나?",,
UCjg3zlQZFLzofhJ-LZjNVjA,https://www.youtube.com/channel/UCjg3zlQZFLzofhJ-LZjNVjA,"이프로",KR,1,523,"community:1","화순적벽 이서 커뮤니티 센터 화순적벽문화축제 #화순적벽 #이서커뮤니티센터 #여행",,
UClAfLVQYZSLrMAQQ_SXPVZw,https://www.youtube.com/channel/UClAfLVQYZSLrMAQQ_SXPVZw,"오마이TV",KR,1,500,"politics:1","[생중계] 강득구 더불어민주당 의원. 정치 현안 관련 기자회견 (2025.09.22 오후)",,
UC6RU2YPKALy0iPps8k_I25g,https://www.youtube.com/channel/UC6RU2YPKALy0iPps8k_I25g,"푸른달TV",KR,1,465,"community:1","청담르엘 커뮤니티 안내",,
UC5_pJyLlU7GFD-VAl-bVjSw,https://www.youtube.com/channel/UC5_pJyLlU7GFD-VAl-bVjSw,"bj산타nc",KR,1,451,"sports:1","2025 09 22 23 스포츠분석주간 4.5배 적중 두산 역배승미마 한조합 수익극대화ㅅ통합방송 믈브 적중 ㅅㅅmlb kbo npb 조합 가입 ",,
UCcyXAY-P2vDbjOEB8ENiZ6g,https://www.youtube.com/channel/UCcyXAY-P2vDbjOEB8ENiZ6g,"전술",,1,434,"official:1","보정 오피셜) FC 26 이기고 있을 때 시간끌기",,
UC-BAHTjeysEpLYmWrZfR_0g,https://www.youtube.com/channel/UC-BAHTjeysEpLYmWrZfR_0g,"크립토트레이딩 [ Crypto-Trading ]",KR,2,431,"official:2","[오피셜트럼프 전망] 역대급 대형 호재 떴습니다! 7조 락업해제 발표! / [오피셜트럼프 전망] 정치 테마코인 충격 흐름, 오늘 발표가 판을 바꾼다!!",,
UCSAc4JyUanHFKPKLEjSrp_g,https://www.youtube.com/channel/UCSAc4JyUanHFKPKLEjSrp_g,"뵤리애",KR,1,420,"official:1","🖐️Official髭男dism(오피셜히게단디즘) - 宿命(숙명) #cover",,
UC_nzf2esfytFlA0Z2ht4LLA,https://www.youtube.com/channel/UC_nzf2esfytFlA0Z2ht4LLA,"농구연구소 B-LAB",KR,1,413,"ai:1","[초저부] 부산 모션스포츠 : 부산 더그릿 [제 4회 제천시 의림지배 챔피언십 유소년 농구대회] 2025/09/21",,
UC9nfF3PpYI57RPyKy57pM-g,https://www.youtube.com/channel/UC9nfF3PpYI57RPyKy57pM-g,"𝒓𝒐𝒐𝒎𝒊𝒏𝒈",,1,401,"official:1","#언오피셜 (#UNXL) 어느 세계의 끝에선 @250906 클럽프리버드",,
UCT24nW98eBi40llwnOBR3jQ,https://www.youtube.com/channel/UCT24nW98eBi40llwnOBR3jQ,"바람형 (BARAM TUBE)",KR,1,386,"official:1","오피셜트럼프 코인 저희 세력은...9월21일 #shorts #쇼츠 #코인",,
UCot-6yWrk8pLI6Z4TbiUQeQ,https://www.youtube.com/channel/UCot-6yWrk8pLI6Z4TbiUQeQ,"건강한습관",KR,1,370,"senior:1","의사가 아침으로 먹는 식단 공개 #건강 #건강정보 #시니어건강",,
UCa2ewNHheMOU9RS4aSSsvsQ,https://www.youtube.com/channel/UCa2ewNHheMOU9RS4aSSsvsQ,"Alice관찰둥이엘리스",,1,344,"community:1","화천 커뮤니티센터가 좋다 24년5월20",,
UC2WRhsG35sOS-TTJcPtQdRA,https://www.youtube.com/channel/UC2WRhsG35sOS-TTJcPtQdRA,"스바유",,1,312,"official:1","OFFICIAL HIGE DANDISM - らしさ Live  #ライブ #히게단 #officialhigedandism #jpop #official",,
UCBotDnfYVoj2ATMkyQYsD_w,https://www.youtube.com/channel/UCBotDnfYVoj2ATMkyQYsD_w,"OREO",,1,293,"community:1","자세한건 제 커뮤니티 한번만 봐주세요 한표 한표가 되게 소중해요 도와주세요 #leo #보이즈2플래닛 #보플2 #이리오 #LEO",,
UCb3r1vT32_uOPWZgM1POfcQ,https://www.youtube.com/channel/UCb3r1vT32_uOPWZgM1POfcQ,"황소코인TV",KR,1,292,"official:1","[오피셜트럼프 코인] 여기서 급등? 생각도 못한 자리들이죠? #오피셜트럼프분석 #오피셜트럼프전망",,
UCO4jaeJSAF7jepGX0ALeaMg,https://www.youtube.com/channel/UCO4jaeJSAF7jepGX0ALeaMg,"이방사TV",KR,1,285,"community:1","음성 자이 센트럴시티 아파트의 입주자 사전점검일! (초대형 커뮤니티 시설과 스카이라운지 카페까지 한방에 끝내기)",,
UCjJoOZ1_HjWdbjidIRO0Xbg,https://www.youtube.com/channel/UCjJoOZ1_HjWdbjidIRO0Xbg,"엘에이혜나 LA Hannah",US,1,275,"senior:1","라구나우즈 시니어타운 가장 많이 구매하는 두집 / 최신 가격 소개 / 편리한 주변 생활권 / 남가주, 오렌지 카운티 최대 시니어타운",,
UCFODuZ7uQSZh0orlPk7LR4A,https://www.youtube.com/channel/UCFODuZ7uQSZh0orlPk7LR4A,"Elin Kim",KR,1,267,"official:1","너만 행복하면 돼(오피셜 버전)  /  If You're Happy, I'm Fine(Official Ver)",,
UCN1gV8Nq5bWHdrpd5rsMp5g,https://www.youtube.com/channel/UCN1gV8Nq5bWHdrpd5rsMp5g,"하루한문장",,1,260,"community:1","오늘 주식 커뮤니티를 달군 휴비스와 진바이오텍, 뜨거운 관심 뒤 숨겨진 군중심리 분석",,
UC8H8emx8J4ONhS5bXH6LLoQ,https://www.youtube.com/channel/UC8H8emx8J4ONhS5bXH6LLoQ,"시니어 실드",KR,1,251,"senior:1","""시니어가 자녀에게 전하는 힘이 되는 한마디""#shorts",,
UCMayiTxXrlXym5TyfbdoH9A,https://www.youtube.com/channel/UCMayiTxXrlXym5TyfbdoH9A,"페르엘 ",,1,244,"community:1","캡쳐후에 커뮤니티에 올려주세요!",,
UCc3UAO_7oq88KOGpL_7CEsg,https://www.youtube.com/channel/UCc3UAO_7oq88KOGpL_7CEsg,"꽁위키",,1,243,"community:1","먹튀검증 커뮤니티 꽁위키 #꽁위키 #꽁머니 #먹튀검증 #먹튀검증 커뮤니티",,
UC88snbSyoeaz3yqO5QmLCdw,https://www.youtube.com/channel/UC88snbSyoeaz3yqO5QmLCdw,"ㅇㅇ",,10,222,"official:10","250919 UNXL(언오피셜) - Skydivin' + Copycat @살롱문보우 / 250919 UNXL(언오피셜) - Persona @살롱문보우 / 250919 UNXL(언오피셜) - 어느 세계의 끝에선 @살롱문보우",,
UClUcTt9svk6hGJW8hgLqv3Q,https://www.youtube.com/channel/UClUcTt9svk6hGJW8hgLqv3Q,"연예가박사",,1,206,"entertainment:1","초스피드 이혼한 연예님 top5",,
UCqUrD7cZC86zxLq1fFEdMwg,https://www.youtube.com/channel/UCqUrD7cZC86zxLq1fFEdMwg,"매머드코인",KR,1,200,"official:1","[오피셜트럼프 전망] 물려계신분! '여기' 주목해주세요! 오피셜트럼프 일정 나왔습니다.",,
UCCpwRuqUtnm-9W9Dz8wLviw,https://www.youtube.com/channel/UCCpwRuqUtnm-9W9Dz8wLviw,"사람 모으는 마케팅 두콩마케터",,1,163,"community:1","1인 1커뮤니티 시대! 카톡 오픈채팅방 #n잡 #커뮤니티 #모임",,
UCTFwUEVulMZwIw8A4-H6Ukg,https://www.youtube.com/channel/UCTFwUEVulMZwIw8A4-H6Ukg,"치달맨",,1,129,"official:1","[오피셜]우스만 뎀벨레, 2025 발롱도르 수상🏆 #shorts",,
UCy_t96DdrqTKS_A--OBub1Q,https://www.youtube.com/channel/UCy_t96DdrqTKS_A--OBub1Q,"코징어게임",KR,2,127,"official:2","오피셜트럼프 코인전망 ➡️트럼프재단 100억매집 ▶ '이날' 매도하세요 / 오피셜트럼프 전망➡️ 재단 물량 텁니다 ➡️2차급등후 폭락 예정",,
UC6Q57g0ck8_PwBJsIvG3Sjw,https://www.youtube.com/channel/UC6Q57g0ck8_PwBJsIvG3Sjw,"요햐봄yo",,1,122,"community:1","꿈크루 멤버 모집중 커뮤니티 확인!",,
UCYBD_VyoGfyv999m8g5Qi5Q,https://www.youtube.com/channel/UCYBD_VyoGfyv999m8g5Qi5Q,"공생유니버스",,1,121,"community:1","#월곡동 #입주민플리마켓 #우리동네행사 #아파트커뮤니티 #중고나눔 #주민소통 #마을행사 #이웃사랑 #환경보호 #자원순환 #나눔장터 #성북구 #월",,
UCasWx77Xmn_mZ5zmT70h3Dw,https://www.youtube.com/channel/UCasWx77Xmn_mZ5zmT70h3Dw,"김사랑작가TV2",,1,121,"politics:1","장동혁 당대표# 야당탄압 독재정치 규탄 대회#국민의힘#동대구역#2025.9.21",,
UCgQ398zY-C8Hyrf4Vq6yZYA,https://www.youtube.com/channel/UCgQ398zY-C8Hyrf4Vq6yZYA,"해보",KR,1,112,"official:1","[메이플랜드] '오피셜' 길드 만들었습니다! (길드 제작)",,
UCg1fjSZ7NvsGxc9fYPluAIA,https://www.youtube.com/channel/UCg1fjSZ7NvsGxc9fYPluAIA,"The AI Newsroom",KR,1,107,"entertainment:1","2025년 09월 17일 - 연예문화 뉴스",,
UCTX18OFOy1SApAUsIbt_YQA,https://www.youtube.com/channel/UCTX18OFOy1SApAUsIbt_YQA,"빛을 밝히는 교회 Light On Community",,1,106,"community:1","#라이트온처치 #라이트온커뮤니티 #빛을밝히는교회 #전부민목사",,
UC67y0yAO7P-As42nUnjAXSg,https://www.youtube.com/channel/UC67y0yAO7P-As42nUnjAXSg,"캐내네 뮤직",KR,1,99,"entertainment:1","네온이 불타는 거리~🌆 / 연예진-진이🎵",,
UCfjv5ccb0V00KOHnQNPDHFg,https://www.youtube.com/channel/UCfjv5ccb0V00KOHnQNPDHFg,"스타배수광",KR,1,96,"community:1","[실시간] LIVE 커뮤니티라운지 #Shorts #쇼츠 #세로방송",,
UCiSD57EB31MlRbMDKxbABtA,https://www.youtube.com/channel/UCiSD57EB31MlRbMDKxbABtA,"이선생의 KBO 리포트",KR,1,90,"sports:1","⚾️종합스포츠 분석⚾️ "" 이선생 "" 9월 21일 KBO 경기분석 #국내야구 #일본야구 #미국야구 #KBO #NPB #MLB",,
UC82nuQ2rasPs0_VtEkaBe3A,https://www.youtube.com/channel/UC82nuQ2rasPs0_VtEkaBe3A,"응가",,1,85,"official:1","오피셜히게단디즘 - らしさ ((나)다움) 라이브 자막/번역",,
UCU_72PNFnJtAhqvLZzwQ5xw,https://www.youtube.com/channel/UCU_72PNFnJtAhqvLZzwQ5xw,"패스커뮤니티교회",KR,2,79,"community:2","2025년 9월 21일 패스커뮤니티 주일 오후 온라인 예배 / 2025년 9월 21일 패스커뮤니티 주일 오전 온라인 예배",,
UC6htnhLj1nswg3W_qcVwtmw,https://www.youtube.com/channel/UC6htnhLj1nswg3W_qcVwtmw,"걸어서 코노 1분",,2,61,"official:2","Official髭男dism(오피셜히게단디즘) - Pretender 노래방 #official髭男dism #pretender #커버 #코노 #코인노 / 온 몸을 쥐어짜며 부른 [Official髭男dism(오피셜히게단디즘) - pretender] 코인노래방",,
UCYWhn5eKOYn9NT1-vTjAQ2g,https://www.youtube.com/channel/UCYWhn5eKOYn9NT1-vTjAQ2g,"주식참견시점(주참시)",KR,1,58,"official:1","""알트장 전환 시점, 수혜 예상"" 오피셜트럼프 한 번의 기회가 남았습니다. #오피셜트럼프 #오피셜트럼프전망 #오피셜트럼프가격",,
UC4qtCVm-vb4ZUGNIvgrtHew,https://www.youtube.com/channel/UC4qtCVm-vb4ZUGNIvgrtHew,"전북과학대학교",KR,1,56,"entertainment:1","방송연예미디어과",,
UCoB4UzVRPcnNlosZfzJURhg,https://www.youtube.com/channel/UCoB4UzVRPcnNlosZfzJURhg,"KBS뉴스 대구경북",KR,1,53,"politics:1","TK로 모인 국민의힘…‘보수 결집’ vs ‘정치 고립’ / KBS  2025.09.22.",,
UCoXB81fXO0Mj-n-9Yc9uDug,https://www.youtube.com/channel/UCoXB81fXO0Mj-n-9Yc9uDug,"OP",,1,46,"official:1","오피셜히게단디즘 프리텐더 피아노 커버",,
UC3ZlcEudV6FWuXqtwc88eZA,https://www.youtube.com/channel/UC3ZlcEudV6FWuXqtwc88eZA,"프미녀 - 프랑스 부동산에 미친 여자",,1,38,"community:1","프랑스에서 살라믄 이 정도는 필히 알아야죠! 한인 커뮤니티 두곳 어디일까요? #파리집구하기 #프랑스워홀 #프랑스집구하기",,
UCcu3u29gh15dguSJqIeMIZw,https://www.youtube.com/channel/UCcu3u29gh15dguSJqIeMIZw,"정치이슈이모저모",KR,1,35,"politics:1","최욱도 재밌어하는 준적준 이준석의 커뮤니티정치 ㅣ 이준석얘기할때 가장 행복해 보이는 황희두 #최욱 #매불쇼 #이준석 #펨코",,
UCWLta2Xb7045oxFfzlf5f3Q,https://www.youtube.com/channel/UCWLta2Xb7045oxFfzlf5f3Q,"휄로십 커뮤니티 교회 Fellowship Community Church",US,1,33,"community:1","2025년 9월 21일 주일 예배 라이브 휄로십 커뮤니티 교회 Fellowship Community Church is live! #livewor",,
UCyxt-LRFTuS-3Y-xjSQMXKg,https://www.youtube.com/channel/UCyxt-LRFTuS-3Y-xjSQMXKg,"Hosanna Community Church호산나교회",,1,33,"community:1","09-21-2025 호산나 커뮤니티 교회  주일 예배 (Sunday Service)",,
UC0dMcOKaT1j87JtQtA00cwg,https://www.youtube.com/channel/UC0dMcOKaT1j87JtQtA00cwg,"Joonwoo Lee",,1,31,"community:1","밸리한인커뮤니티교회",,
UCtotKUsl1TrX9awA5yKBN2Q,https://www.youtube.com/channel/UCtotKUsl1TrX9awA5yKBN2Q,"설레랑의 소공연장",KR,1,31,"community:1","설레랑을 울린 어느 커뮤니티의 장문",,
UCIusE-gqde0Ktf3GtXAl8Wg,https://www.youtube.com/channel/UCIusE-gqde0Ktf3GtXAl8Wg,"겨울",,1,31,"official:1","Official髭男dism(오피셜히게단디즘) - 115万キロのフィルム(115만 킬로의 필름) [LIVE/한글 자막]",,
UC_l_IpGQS_SsT0LgAfiAzTg,https://www.youtube.com/channel/UC_l_IpGQS_SsT0LgAfiAzTg,"신현 영스커뮤니티_신현교회 청년부",KR,1,30,"community:1","9월 21일 영스 커뮤니티 예배",,
UCSM7RNGR1XsPCrKVIUpzFmw,https://www.youtube.com/channel/UCSM7RNGR1XsPCrKVIUpzFmw,"생명샘 뉴힐링 TV",,1,30,"community:1","250921 하늘문커뮤니티교회 주일예배 '미지근한 신앙을 버리자'  설교  전요셉 목사",,
UCRclF9guG3BjAsYQJJV4JUQ,https://www.youtube.com/channel/UCRclF9guG3BjAsYQJJV4JUQ,"크립토노믹스",KR,1,27,"official:1","""알트장 전환 시점, 수혜 예상"" 오피셜트럼프 한 번의 기회가 남았습니다. #오피셜트럼프 #오피셜트럼프전망 #오피셜트럼프가격",,
UCnuCm-UnjYmP-Gp_3t8WJAA,https://www.youtube.com/channel/UCnuCm-UnjYmP-Gp_3t8WJAA,"여의도크립토",KR,1,27,"official:1","[ 오피셜트럼프 코인 ] 🔴美백악관 긴급속보! ""이가격"" 중요합니다!!",,
UCwb94iBmJ3NJB5EqWc9Oglg,https://www.youtube.com/channel/UCwb94iBmJ3NJB5EqWc9Oglg,"유스 커뮤니티(신현교회)",,1,26,"community:1","유스커뮤니티 2025 유스컴 예배 9월 21일",,
UC1CR7_gJoWpdMRYDEa0GGAw,https://www.youtube.com/channel/UC1CR7_gJoWpdMRYDEa0GGAw,"카지노 철수",KR,1,24,"community:1","커뮤니티 보다 실수로 패드립을 했습니다",,
UCMQc1w4GIyP4Sn1hfo8eNug,https://www.youtube.com/channel/UCMQc1w4GIyP4Sn1hfo8eNug,"애틀랜타 뉴스웨이브TV",US,1,23,"sports:1","골프장을 갖춘 프리미엄 커뮤니티, 전통적 매력과 관리가 쉬운 집 | Kelly Choi & Associates",,
UCaVPQYc0lfAdOg4GBUvxCIA,https://www.youtube.com/channel/UCaVPQYc0lfAdOg4GBUvxCIA,"thessomaa",,1,20,"entertainment:1","2025.9.21 #30thbiff #부산국제영화제 #커뮤니티비프 # 바닷마을다이어리 #고레에다히로카즈",,
UC0lH3ZnAYs-kquWrkNFYJ5A,https://www.youtube.com/channel/UC0lH3ZnAYs-kquWrkNFYJ5A,"ONE COMMUNITY CHURCH 원커뮤니티교회",US,1,19,"community:1","원커뮤니티교회 주일예배(09.21.2025) 김태완목사 : 에베소서 1장 19-20절 ""하나님의 능력을 믿으십니까?""",,
UCLxAtEpALdemQJklHe5bJkg,https://www.youtube.com/channel/UCLxAtEpALdemQJklHe5bJkg,"Clara Keumhee Lee",,2,17,"community:2","2025년 9월 21일 시카고 사랑커뮤니티교회 주일찬양 ""거룩하신 하나님"" / 2025년 9월 14일 시카고 사랑커뮤니티교회 주일찬양 ""아침에 주의 인자하심을""",,
UCPF08mjxRvB2pisTWCvZcOA,https://www.youtube.com/channel/UCPF08mjxRvB2pisTWCvZcOA,"마일스",,1,15,"official:1","GT4 오피셜",,
UCIihTuxSOo3CrV1r6XZKrKA,https://www.youtube.com/channel/UCIihTuxSOo3CrV1r6XZKrKA,"손동원",,1,14,"community:1","겨울이 오기 전에. BMA-838. 미국힐링커뮤니티교회. 무디성경학교. 바울신학연구소. 바울선교센터. #손동원 #미국힐링교회 #미국링컨리더십연구",,
UC9VZtZQZTWEh1GLlcgaKpyw,https://www.youtube.com/channel/UC9VZtZQZTWEh1GLlcgaKpyw,"쭈밍🍡",,1,13,"community:1","반모자 구해요/참고로 선착순 5명 커뮤니티에 올릴께요(댓글도 됍니다!!) #로블록스",,
UCiSBb9p0NTJf-E5EcCb8fFw,https://www.youtube.com/channel/UCiSBb9p0NTJf-E5EcCb8fFw,"세력이 매집한 그 코인",KR,1,13,"official:1","[오피셜트럼프] 트럼프 재집권 이후 첫 급등 타이밍? 핵심 구간 도달 #오피셜트럼프 #TRUMP #트럼프코인",,
UCKEIZ5ic39mEzi3tOytrKbQ,https://www.youtube.com/channel/UCKEIZ5ic39mEzi3tOytrKbQ,"키즈 커뮤니티(신현교회)",KR,1,12,"community:1","키즈커뮤니티 주일 예배 (2025년 9월 21일)",,
UCe57yqTBP5b6227oRdKKkzQ,https://www.youtube.com/channel/UCe57yqTBP5b6227oRdKKkzQ,"샤츠 schatz",,3,12,"official:3","언오피셜(UNXL) - 어느 세계의 끝에선 | 250919 인메이트스테이지 / 언오피셜(UNXL) - Skydivin' + Copycat | 250919 인메이트스테이지 / 언오피셜(UNXL) - What if + 유령 + 번져가 | 250919 인메이트스테이지",,
UC9y-nEBARqMP7O0vhWN1szw,https://www.youtube.com/channel/UC9y-nEBARqMP7O0vhWN1szw,"여태주가 타키아이스크림 먹다가 김대영 봄",,1,12,"official:1"," 오피셜 에이요 커버",,
UCvuq0O3NN-aReVYwbomPH7w,https://www.youtube.com/channel/UCvuq0O3NN-aReVYwbomPH7w,"[먹튀제보]",KR,1,11,"community:1","크레이지알파 = 가품 슬롯 먹튀 확정! #shorts #먹튀검증 #먹튀검증커뮤니티 #먹튀사이트 #먹튀정보 #먹튀제보",,
UCmZYpIJqk2xJ_yPiWJspJAw,https://www.youtube.com/channel/UCmZYpIJqk2xJ_yPiWJspJAw,"-먹튀제보-",KR,1,10,"community:1","1111만원 전액 몰수! 그라운드 먹튀 #shorts #먹튀검증 #먹튀검증커뮤니티 #먹튀사이트 #먹튀정보 #먹튀제보",,
UCpIoqLM2g5C3CDtqqUqUQUw,https://www.youtube.com/channel/UCpIoqLM2g5C3CDtqqUqUQUw,"안전공원주소",KR,1,6,"community:1","모든 안전공원주소 한눈에 #shorts #먹튀검증 #먹튀검증커뮤니티 #먹튀사이트 #먹튀정보 #먹튀제보",,
UCdXKMAX_UjgeDgaOuEupOsg,https://www.youtube.com/channel/UCdXKMAX_UjgeDgaOuEupOsg,"GOODTV 설교",KR,1,6,"community:1","믿음 | 비전커뮤니티교회 성두현 목사 설교 [말씀365]",,
UCk4ly_gDM8n0iUiouc9tJ3Q,https://www.youtube.com/channel/UCk4ly_gDM8n0iUiouc9tJ3Q,"봉담여소장",,1,5,"community:1","와우~입주민전용 특급 커뮤니티시설 공개",,
UCXxKUh5cmlLPhEnKBTf1u5g,https://www.youtube.com/channel/UCXxKUh5cmlLPhEnKBTf1u5g,"토토빅",KR,1,5,"community:1","안전놀이터의 정답, 토토빅 #shorts #먹튀검증 #먹튀검증커뮤니티 #먹튀사이트 #먹튀정보 #먹튀제보",,
UCb7BtkW0HYrIE5BORYxat2w,https://www.youtube.com/channel/UCb7BtkW0HYrIE5BORYxat2w,"보증놀이터",KR,1,5,"community:1","먹튀 걱정 끝! 안전한 보증놀이터 #shorts #먹튀검증 #먹튀검증커뮤니티 #먹튀사이트 #먹튀정보 #먹튀제보",,
UCEe5bcDhh3nyBpX6Z3k1evA,https://www.youtube.com/channel/UCEe5bcDhh3nyBpX6Z3k1evA,"토토사이트추천 안전놀이터",,1,3,"review:1","(토토사이트추천) 먹튀검증커뮤니티 먹튀 먹튀사이트 먹튀정보 인기놀이터 안전놀이터 꽁머니 검증된놀이터 먹튀검증 바카라사이트",,
UCTQRFYgMEHJuQclAiUFqZVg,https://www.youtube.com/channel/UCTQRFYgMEHJuQclAiUFqZVg,"LVCC",US,1,3,"community:1","라스베가스 커뮤니티 교회 2025년 9월21일 주일예배 설교",,
UCG2fPGiZO-daxZErUPD-lLQ,https://www.youtube.com/channel/UCG2fPGiZO-daxZErUPD-lLQ,"한재환",KR,1,2,"official:1","축구협회 오피셜 황의조 20년간 국가대표 국내 축구 활동 금지 중징계 철퇴",,
UCMGUmYid6z5zeA7By8ntSDA,https://www.youtube.com/channel/UCMGUmYid6z5zeA7By8ntSDA,"안전놀이터 먹튀검증",,1,1,"community:1","베팅노하우 먹튀검증커뮤니티 먹튀제보 베팅노하우 베팅으로 수입내는방법 자유베팅 무제재놀이터 제재없는놀이터 안전한사이트",,
UCMMQVVn_bT-fN28TqwtXCtA,https://www.youtube.com/channel/UCMMQVVn_bT-fN28TqwtXCtA,"카지노본가",,1,1,"community:1","카본 커뮤니티 소개 동영상 EP.23",,
UC5ekUnx8en0Sd9us3Q2ZJoA,https://www.youtube.com/channel/UC5ekUnx8en0Sd9us3Q2ZJoA,"홍요셉",,1,1,"community:1","안전놀이터 || 온라인먹튀 먹튀검증커뮤니티 먹튀사이트제보 먹튀수법 먹튀사이트수법 검증사이트 검증놀이터 먹튀검증 안전한사이트",,